Район,"Название школы или иного учреждения, в котором может работать секция/кружок",Адрес учреждения,Виды спорта/направления деятельности секции,Минимальный возраст,Максимальный возраст,Пол,Руководитель,Телефон,Факс,Электронная почта,Муниципальное образование,ИНН,ОГРН,Дополнительная информация
Адмиралтейский,Государственное бюджетное учреждение спортивная школа олимпийского резерва № 1 Адмиралтейского района Санкт-Петербурга,"г.Санкт-Петербург, Рижский проспект, дом 31, литера А",легкая атлетика; футбол; дзюдо; самбо; баскетбол; прыжки на батуте; гребной спорт,7.0,18.0,"мужской, женский",Директор Болов Вадим Викторович,+7(812)251-57-97,+7(812)251-57-97,sportchkola@mail.ru,,7826018029,1027810328259,
Адмиралтейский,"Государственное бюджетное  учреждение спортивная школа ""Дельфин"" Адмиралтейского района Санкт-Петербурга","г.Санкт-Петербург, улица Союза Печатников, дом 5, литера Б",плавание; тхэквондо; киокусинкай,7.0,18.0,"мужской, женский",Директор Томчук Николай Андреевич,+7(812)714-41-40,,delfinspb@bk.ru,,7826729079,1027810320119,
Невский,Государственное бюджетное учреждение спортивная школа олимпийского резерва №1 Невского района Санкт-Петербурга,"192029, Санкт-Петербург, улица Ольги Берггольц, дом 15, литера А","Легкая атлетика, каратэ, спорт глухих (легкая атлетика)",9,18,М/ж,Дрозд Егор Сергеевич,8(812)-241-30-60,8(812)-241-3060,Neva-la@mail.ru,Невская застава,7811067048,1037825021332,
Невский,Государственное бюджетное учреждение спортивная школа олимпийского резерва №2 Невского района Санкт-Петербурга,"193231, Санкт-Петербург,  улица Подвойского, дом 31, корпус 3, литера И","Баскетбол, биатлон, волейбол, дзюдо, лыжные гонки, мини-футбол, самбо, спортивная аэробика, теннис, футбол, хоккей",6,18,М/ж,Купершмит Андрей Александрович,8(812)-319-55-48,8(812)-319-55-48,Nevasport-2@yandex.ru,Оккервиль,7811067633,1037825015139,
Невский,Государственное бюджетное учреждение спортивная школа олимпийского резерва по плаванию №3 «Невская» Невского района Санкт-Петербурга,"192174, Санкт-Петербург, улица Леснозаводская, дом 3, литера А",Плавание,7,18,М/ж,Огородников Сергей Борисович,8(812)-367-05-20,8(812)-367-71-73,Sdyushor3@mail.ru,Ивановский,7811067023,1147847292185,
Невский,"Санкт-Петербургское государственное бюджетное учреждение ""Центр физической культуры, спорта и здоровья Невского района Санкт-Петербурга""","192171, Санкт-Петербург, Железнодорожный проспект, дом 32, литера А","Волейбол, мини-футбол (футзал), фитнес-аэробика, регби, скандинавская ходьба., АФК (мини-футбол), АФК (флорбол).",3,80,М/ж,Тучков Дмитрий Владимирович,8(812)-329-05-20,8(812)-329-0517,Mail@cfknr.ru,Ивановский,7811588192,1147847292185,
Невский,"Санкт-Петербургское государственное бюджетное учреждение ""Центр Физической Культуры, Спорта и Здоровья Невского района Санкт-Петербурга""","192171, Санкт-Петербург, улица Бабушкина, дом 30, строение1","Хоккей, фигурное катание, новус, акробатический рок-н-ролл, АФК (ОФП).",3,80,М/ж,Тучков Дмитрий Владимирович,8(812)-495-49-36,8(812)-495-49-36,Mail@cfknr.ru,Ивановский,7811588192,1147847292185,
Московский,Государственное бюджетное учреждение спортивная школа олимпийского резерва №1 Московского района Санкт-Петербурга,"Санкт-Петербург, улица Ленсовета, д. 8","Гандбол, волейбол, хоккей, футбол, фигурное катание, пауэрлифтинг ПОДА",5,18,М/Ж,Бурцев Александр Васильевич,"8(812)417-65-51, 8(812)373-00-73",нет,sport1mosk@yandex.ru,Московская застава,7810133266,1027804873887,
Московский,Государственное бюджетное учреждение спортивная школа олимпийского резерва №2 Московского района Санкт-Петербурга,"Санкт-Петербург, улица Ленсовета, д. 8","Легкая атлетика, тяжелая атлетика, спортивная гимнастика",6,21,М/Ж,Еремин Дмитрий Игоревич,"8(812)417-48-36, 8(812)417-48-35",нет,sport2moskov@gmail.com,Московская застава,7810214564,1027804888396,
Фрунзенский,Государственное бюджетное учреждение спортивная школа «Лидер» Фрунзенского района Санкт-Петербурга,"Санкт-Петербург, Софийская ул., д. 33 к. 1, литера А",- футбол; - регби; - пулевая стрельба; - лёгкая атлетика; - спорт лиц с поражением ОДА; - спорт глухих; - спорт лиц с интеллектуальными нарушениями.,9,без ограничения в зависимости от результата,- мужской; - женский,Козлов Станислав Александрович,+7 (812) 2683186,+7 (812) 2683186,lider-sof33@mail.ru,Муниципальный округ № 72,7816561645,1137847177676,
Фрунзенский,Государственное бюджетное учреждение спортивная школа олимпийского резерва «Купчинский Олимп» Фрунзенского района Санкт-Петербурга,"Санкт-Петербург, Софийская ул., д. 40 к. 4",- баскетбол.,8,без ограничения в зависимости от результата,- мужской; - женский.,Семёнов Виктор Иванович,+7 (812) 2691332 +7 (812) 4908777,+7 (812) 2691332 +7 (812) 4908778,sdushor-olimp@mail.ru,Муниципальный округ № 72,7816157249,1037835030265,
Фрунзенский,Государственное бюджетное учреждение спортивная школа олимпийского резерва № 1 Фрунзенского района Санкт-Петербурга,"Санкт-Петербург, Лиговский пр., д. 208, литера А",- вольная борьба; - греко-римская борьба; - дзюдо; - джиу-джитсу; - киокусинкай; - самбо; - танцевальный спорт; - художественная гимнастика.,6,без ограничения в зависимости от результата,- мужской; - женский.,Черникова Татьяна Владимировна,+7 (812) 2423786 +7 (812) 2423785,+7 (812) 2423786 +7 (812) 2423786,sportschool1@bk.ru,Муниципальный округ «Волковское»,7816157383,1027807991430,
Фрунзенский,Государственное бюджетное учреждение спортивная школа № 2 Фрунзенского района Санкт-Петербурга,"Санкт-Петербург, Пражская ул., д. 10, к.2",Хоккей,6 лет,18 лет,Мужской,Сысоев Виктор Игоревич,8 (921) 941-71-80,,Gbush2@mail.ru,Муниципальный округ «Волковское»,7816732724,1227800098162,
Выборгский,Государственное бюджетное учреждение спортивная школа олимпийского резерва по прыжкам на лыжах с трамплина и лыжному двоеборью Выборгского района Санкт-Петербурга,"Санкт-Петербург, Выборгское шоссе, д. 102, лит. А","Лыжное двоеборье, прыжки на лыжах с трамплина, лыжные гонки",8,18,"м,ж",Дубровский Станислав Эдуардович,+7(812)5541493,+7(812)5972526,sport@tramplin.spb.ru,Шувалово-Озерки,7802141714,1037804001256,
Выборгский,Государственное бюджетное учреждение спортивная школа олимпийского резерва по легкой атлетике и фехтованию Выборгского района Санкт-Петербурга,"Санкт-Петербург, пр. Раевского, д. 14, лит. А","Легкая атлетика, фехтование",8,18,"м,ж",Яковлева Ольга Борисовна,+7(812)2972155,+7(812)2972155,vyb.sport@mail.ru,Светлановское,7802141432,1027801582280,
Выборгский,Государственное бюджетное учреждение спортивная школа олимпийского резерва водных и других видов спорта Выборгского района Санкт-Петербурга,"Санкт-Петербург, пр. Пархоменко, д. 6, лит. С, пом. 3Н","Плавание, айкидо, водное поло, спорт слепых - плавание, дзюдо, синхронное плавание, спортивная акробатика",6,18,"м,ж",Ныркова Марина Петровна,+7(812)2944883,+7(812)2944886,vodnoe_polo@mail.ru,Светлановское,7802109164,1027801582346,
Выборгский,"Государственное бюджетное учреждение спортивная школа олимпийского резерва ""Экран"" Выборгского района Санкт-Петербурга","Санкт-Петербург, 2-й Муринский пр., д. 29, лит. А","Волейбол, полиатлон, спортивное ориентирование, спорт глухих - волейбол, футбол",7,18,"м,ж",Савин Василий Васильевич,+7(812)5502397,+7(812)5502397,ekranvolley@mail.ru,Светлановское,7802106124,1027801556397,
Выборгский,"Государственное бюджетное учреждение спортивная школа ""Выборжанин"" Выборгского района Санкт-Петербурга","Санкт-Петербург, Светлановский пр., д. 3, лит. А","Бейсбол, бокс, кикбоксинг, полиатлон, футбол. Софтбол",8,18,"м,ж",Шарипов Малик Иржанович,+7(812)4097147,+7(812) 4097147,sportviborjanin@mail.ru,Светлановское,7802141792,1027801582302,
Выборгский,"Государственное бюджетное учреждение спортивная школа ""Локомотив"" Выборгского района Санкт-Петербурга","Санкт-Петербург, п. Левашово, ул. Первомайская, д. 37, лит. А","Велоспорт, самбо, футбол, греко-римская борьба",7,18,"м,ж",Барников Михаил Ленинович,+7(812)4173411,+7(812)4173411,lokomotiv_spb@mail.ru,поселок Левашово,7802144786,1027801582291,
Кировский,СПб ГОБУ ДОД СДЮСШОР Кировского района Санкт-Петербурга,"198207, Санкт-Петербург, ул. Зины Портновой, д. 21, корп.4, литера А","Гандбол, баскетбол, легкая атлетика, плавание",8,18,М/Ж,Нестеров Юрий Игоревич,570-83-05,570-83-05,Sekretar@sportschool.spb.ru,МО Дачное,7805119851,1027802712882,
Кировский,СПб ГОБУ ДОД СДЮСШОР Кировского района Санкт-Петербурга (футбол),"198207, Санкт-Петербург, ул. Зины Портновой, д. 21, корп. 4, лит. А",Футбол,8,18,М,Нестеров Юрий Игоревич,570-83-05,570-83-05,Sekretar@sportschool.spb.ru,МО Дачное,7805119851,1027802712882,
Кировский,"Подростково-молодежный клуб ""Альтаир"" СПб ГБУ ""Подростково-молодежный центр ""Кировский""","г.Санкт-Петербург, улица Лёни Голикова, дом 82, литера А","Силовой спорт, атлетизм, пауэрлифтинг, армрестлинг, бодифитнес, фотостудия",7,30,М/Ж,Домбровская Наталья Эдуардовна,377-21-13,376-56-48,Pmz.kir@gmail.com,МО Дачное,7805039540,1037811033512,
Кировский,"Подростково-молодежный клуб ""Алые паруса"" СПб ГБУ ""Подростково-молодежный центр ""Кировский""","Санкт-Петербург, ул. Новостроек, д. 15","Вокал, декоративно-прикладное искусство, ИЗО, танецы, настольный теннис, пилатес, студия журналистики, танцев «Зажигай», театральная студия, футбол, хип-хоп, хореография, шахматы, шашки",7,30,М/Ж,Домбровская Наталья Эдуардовна,377-21-13,376-56-48,Pmz.kir@gmail.com,МО Автово,7805039540,1037811033512,
Кировский,"Подростково-молодежный клуб ""Бригантина"" СПб ГБУ ""Подростково-молодежный центр ""Кировский""","Санкт-Петербург, пр. Стачек, д. 6","Декоративно-прикладное искусство, дизайн, соломка, инструментальный ансамбль, настольный теннис, ОФП, вокал",7,30,М/Ж,Домбровская Наталья Эдуардовна,377-21-13,376-56-48,Pmz.kir@gmail.com,МО Нарвский округ,7805039540,1037811033512,
Кировский,"Подростково-молодежный клуб ""им. Лени Голикова"" СПб ГБУ ""Подростково-молодежный центр ""Кировский""","Санкт-Петербург, пр. Ветеранов, д. 53/56","Гитара, ИЗО, секция «Мотораритет», настольный теннис, скалолазание, танцы, студия эстрадной песни, театральная студия, художественная гимнастика",7,30,М/Ж,Домбровская Наталья Эдуардовна,377-21-13,376-56-48,Pmz.kir@gmail.com,МО Автово,7805039540,1037811033512,
Кировский,"Подростково-молодежный клуб ""Заря"" СПб ГБУ ""Подростково-молодежный центр ""Кировский""","Санкт-Петербург, ул. Краснопутиловская, д. 19","Танцы, студия творческого развития, танцевальная аэробика, творческая мастерская, театральная студия, фотостудия, футбол, художественная гимнастика, эстрадный вокал, йога ОФП",7,30,М/Ж,Домбровская Наталья Эдуардовна,377-21-13,376-56-48,Pmz.kir@gmail.com,МО Дачное,7805039540,1037811033512,
Кировский,"Подростково-молодежный клуб ""Канонерец"" СПб ГБУ ""Подростково-молодежный центр ""Кировский""","Санкт-Петербург, Канонерский остров, д. 11","Настольный теннис, атлетическая гимнастика",7,30,М/Ж,Домбровская Наталья Эдуардовна,377-21-13,376-56-48,Pmz.kir@gmail.com,МО Морские ворота,7805039540,1037811033512,
Кировский,"Подростково-молодежный клуб ""Кортик"" СПб ГБУ ""Подростково-молодежный центр ""Кировский""","Санкт-Петербург, Дачный пр., д. 13","Атлетическая гимнастика, ИЗО, ОФП, силовой спорт",7,30,М/Ж,Домбровская Наталья Эдуардовна,377-21-13,376-56-48,Pmz.kir@gmail.com,МО Дачное,7805039540,1037811033512,
Кировский,"Подростково-молодежный клуб ""Ленинец"" СПб ГБУ ""Подростково-молодежный центр ""Кировский""","Санкт-Петербург, Ленинский пр., д. 137","Атлетическая гимнастика, аэробика, футбол, художественная гимнастика, клуб журналистики, современный танец",7,30,М/Ж,Домбровская Наталья Эдуардовна,377-21-13,376-56-48,Pmz.kir@gmail.com,МО Княжево,7805039540,1037811033512,
Кировский,"Подростково-молодежный клуб ""Нарвская застава"" СПб ГБУ ""Подростково-молодежный центр ""Кировский""","Санкт-Петербург, ул. Стойкости, д. 8","Аэробика, вокальная студия, вокально-инструментальный ансамбль, декоративно-прикладное искусство, ИЗО, хореография, настольный теннис",7,30,М/Ж,Домбровская Наталья Эдуардовна,377-21-13,376-56-48,Pmz.kir@gmail.com,Ульянка,7805039540,1037811033512,
Кировский,"Подростково-молодежный клуб ""Радуга"" СПб ГБУ ""Подростково-молодежный центр ""Кировский""","Санкт-Петербург, пр. Народного Ополчения, д. 115","Вокал, бальные танцы, гитара, декоративно-прикладное искусство, ИЗО, литературная студия, народный танец, хип-хоп, художественная гимнастика",7,30,Ж,Домбровская Наталья Эдуардовна,377-21-13,376-56-48,Pmz.kir@gmail.com,Ульянка,7805039540,1037811033512,
Кировский,"Подростково-молодежный клуб ""Ракета"" СПб ГБУ ""Подростково-молодежный центр ""Кировский""","г.Санкт-Петербург, улица Лёни Голикова, дом 27, литера А","Акробатика, акробатический рок-н-ролл, ансамбль гитаристов, атлетическая гимнастика, воркаут, силовой спорт, спортивная гимнастика, художественная гимнастика, эстрадный вокал",7,30,М/Ж,Домбровская Наталья Эдуардовна,377-21-13,376-56-48,Pmz.kir@gmail.com,Дачное,7805039540,1037811033512,
Кировский,"Подростково-молодежный клуб ""Ритм"" СПб ГБУ ""Подростково-молодежный центр ""Кировский""","г. Санкт-Петербург, ул. Генерала Симоняка, д. 9","Декоративно-прикладное искусство, народные промыслы, ИЗО, настольный теннис, студия журналистики, студия эстрадного вокала, театральная студия, шахматы",7,30,М/ж,Домбровская Наталья Эдуардовна,377-21-13,376-56-48,Pmz.kir@gmail.com,Ульянка,7805039540,1037811033512,
Кировский,"Подростково-молодежный клуб ""Северная заря"" СПб ГБУ ""Подростково-молодежный центр ""Кировский""","г. Санкт-Петербург, ул. Губина, д. 37/5","Декоративно-прикладное искусство, ОФП, современный танец, эстрадный вокал",7,30,М/ж,Домбровская Наталья Эдуардовна,377-21-13,376-56-48,Pmz.kir@gmail.com,Нарвский округ,7805039540,1037811033512,
Кировский,"Подростково-молодежный клуб ""Смена"" СПб ГБУ ""Подростково-молодежный центр ""Кировский""","г. Санкт-Петербург, ул. Солдата Корзуна, д. 40","Акробатический рок-н-ролл, основы военной службы, рукопашный бой, овременные танцы, хип-хоп, художественная гимнастика",7,30,М/ж,Домбровская Наталья Эдуардовна,377-21-13,376-56-48,Pmz.kir@gmail.com,Ульянка,7805039540,1037811033512,
Кировский,"Подростково-молодежный клуб ""Факел"" СПб ГБУ ""Подростково-молодежный центр ""Кировский""","г. Санкт-Петербург, ул. Счастливая, д. 17","Бильярд, футбол",7,30,М/ж,Домбровская Наталья Эдуардовна,377-21-13,376-56-48,Pmz.kir@gmail.com,Княжево,7805039540,1037811033512,
Кировский,"Подростково-молодежный клуб ""Юность"" СПб ГБУ ""Подростково-молодежный центр ""Кировский""","г. Санкт-Петербург, пр. Народного Ополчения, д. 3","Современные танцы, спортивные танцы, молодежное пространство",7,30,М/ж,Домбровская Наталья Эдуардовна,377-21-13,376-56-48,Pmz.kir@gmail.com,Княжево,7805039540,1037811033512,
Кировский,"Подростково-молодежный клуб ""Юный корабел"" СПб ГБУ ""Подростково-молодежный центр ""Кировский""","г. Санкт-Петербург, пр. Стачек, д. 67","Современные танецы, настольный теннис, ОФП, футбол, шахматы",7,30,М/ж,Домбровская Наталья Эдуардовна,377-21-13,376-56-48,Pmz.kir@gmail.com,Автово,7805039540,1037811033512,
Кировский,"Подростково-молодежный клуб ""Юный ленинградец"" СПб ГБУ ""Подростково-молодежный центр ""Кировский""","г. Санкт-Петербург, ул. Подводника Кузьмина, д. 26","Атлетическая гимнастика, вокально-инструментальный ансамбль, настольный теннис, ОФП, современный танец, театральная студия, хореография, шахматы, шашки, эстрадный вокал",7,30,М/ж,Домбровская Наталья Эдуардовна,377-21-13,376-56-48,Pmz.kir@gmail.com,Княжево,7805039540,1037811033512,
Колпинский,"Санкт-Петербургское государственное бюджетное учреждение ""Спортивно-оздоровительный комплекс Колпинского района ""Ижорец""","Санкт-Петербург, город Колпино, Тверская улица, дом 27, литера А",-плавание; -картинг; -баскетбол; -волейбол; -велоспорт; -акробатика; -черлидинг; -эстетическая гимнастика; -художественная гимнастика; -городошный спорт; -греко-римская борьба; -рукопашный бой; -футбол; -стрельба из лука; -самбо; -дзюдо; -туризм; -легкая атлетика; -бочче,1,85,"Мужской,женский",Овчаренко Тимур Геннадьевич,+7(812)4827202,+7(812)4827202,Info@sok-izhorets.ru,Внутригородское муниципальное образование Колпино,7817037811,1027808755590,
Колпинский,Государственное бюджетное образовательное учреждение дополнительного образования детей специализированная детско-юношеская спортивная школа олимпийского резерва по конькобежному спорту Колпинского района Санкт-Петербурга,"Санкт-Петербург, город Колпино, улица Анисимова, дом 3, литера А",-конькобежный спорт; -шорт-трек; -фигурное катание на коньках; -футбол; -лыжные гонки; -городошный спорт,5,23,"Мужской,женский",Рак Александр Анатольевич,+7(812)4638538,+7(812)4638538,Sdushor.konki@yandex.ru,Внутригородское муниципальное образование город Колпино,7817033447,1027808757800,
Колпинский,Государственное бюджетное учреждение дополнительного образования детей специализированная детско-юношеская спортивная школа олимпийского резерва по гребле Колпинского района Санкт-Петербурга,"Санкт-Петербург, улица Володарского 2, литера А.",-гребля на байдарках и каноэ; -плавание; -прыжки в воду,7,23,"Мужской,женский",Андреева Татьяна Вячеславовна,+7(812)4172702,+7(812)4172702,Sdyushor-greblya@yandex.ru,Внутригородское муниципальное образование город Колпино,7817033408,1027808758053,
Колпинский,Санкт-Петербургское государственное бюджетное образовательное учреждение дополнительного образования детей детско-юношеская спортивная школа имени олимпийского чемпиона Николая Дроздецкого,"Санкт-Петербург, город Колпино, улица Танкистов, дом 26, корпус 2, литера А",-хоккей.,7,18,"Мужской,женский",Михайлов Александр Николаевич,+7(812)4694010,+7(812)4694010,Xkd_kolpino@mail.ru,Внутригородское муниципальное образование город Колпино,7817303358,1057811772941,
Петроградский,"ГБУ СШОР по плаванию ""Радуга"" (секция мальчики)","197110, г.Санкт-Петербург, Чкаловский проспект, дом 12",Плавание,7,21,М,Директор Еремин Игорь Борисович,+7(812)235-38-77,+7(812)235-38-77,Radugaswimm@yandex.ru,"Муниципальный округ ""Чкаловское""",7813131531,1027806875249,
Петроградский,"ГБУ СШОР по плаванию ""Радуга"" (секция девочки)","197110, г.Санкт-Петербург, Чкаловский проспект, дом 12",Плавание,7,21,Ж,Директор Еремин Игорь Борисович,+7(812)235-38-77,+7(812)235-38-77,Radugaswimm@yandex.ru,"Муниципальный округ ""Чкаловское""",7813131531,1027806875249,
Петроградский,ГБУ СШ Петроградского района (бокс),"197101,Санкт-Петербург, Каменноостровский проспект, дом 36/73",Бокс,10,17,М,Директор Находкина Ольга Викторовна,+7(812)246-30-86,+7(812)246-30-86,Petrosportschool@mail.ru,"Муниципальный округ ""Кронверкское""",7813128264,1037828004060,
Петроградский,ГБУ СШ Петроградского района (академическая гребля),"197101,Санкт-Петербург, Каменноостровский проспект, дом 36/73",Гребной спорт (академическая гребля),10,21,М,Директор Находкина Ольга Викторовна,+7(812)246-30-86,+7(812)246-30-86,Petrosportschool@mail.ru,"Муниципальный округ ""Кронверкское""",7813128264,1037828004060,
Петроградский,ГБУ СШ Петроградского района (гребной спорт),"197101,Санкт-Петербург, Каменноостровский проспект, дом 36/73",Гребной спорт (академическая гребля),10,21,Ж,Директор Находкина Ольга Викторовна,+7(812)246-30-86,+7(812)246-30-86,Petrosportschool@mail.ru,"Муниципальный округ ""Кронверкское""",7813128264,1037828004060,
Петроградский,ГБУ СШ Петроградского района (секция м),"197101,Санкт-Петербург, Каменноостровский проспект, дом 36/73",Плавание,7,15,М,Директор Находкина Ольга Викторовна,+7(812)246-30-86,+7(812)246-30-86,Petrosportschool@mail.ru,"Муниципальный округ ""Кронверкское""",7813128264,1037828004060,
Петроградский,ГБУ СШ Петроградского района (секция ж),"197101,Санкт-Петербург, Каменноостровский проспект, дом 36/73",Плавание,7,15,Ж,Директор Находкина Ольга Викторовна,+7(812)246-30-86,+7(812)246-30-86,Petrosportschool@mail.ru,"Муниципальный округ ""Кронверкское""",7813128264,1037828004060,
Петроградский,ГБУ СШ Петроградского района (вольная борьба),"197101,Санкт-Петербург, Каменноостровский проспект, дом 36/73",Спортивная борьба (вольная борьба),10,18.0,М,Директор Находкина Ольга Викторовна,+7(812)246-30-86,+7(812)246-30-86,Petrosportschool@mail.ru,"Муниципальный округ ""Кронверкское""",7813128264,1037828004060,
Петроградский,ГБУ СШ Петроградского района (футбол),"197101,Санкт-Петербург, Каменноостровский проспект, дом 36/73",Футбол,7.0,18,М,Директор Находкина Ольга Викторовна,+7(812)246-30-86,+7(812)246-30-86,Petrosportschool@mail.ru,"Муниципальный округ ""Кронверкское""",7813128264,1037828004060,
Петроградский,ГБУ СШ Петроградского района (художественная гимнастика),"197101,Санкт-Петербург, Каменноостровский проспект, дом 36/73",Художественная гимнастика,6,17,Ж,Директор Находкина Ольга Викторовна,+7(812)246-30-86,+7(812)246-30-86,Petrosportschool@mail.ru,"Муниципальный округ ""Кронверкское""",7813128264,1037828004060,
Петроградский,"СПб ГБУ ""СШОР по парусному спорту ""Крестовский остров"" (Южная дорога)","197110, г. Санкт-Петербург, Южная дорога",Парусный спорт,9.0,Без ограничения,М,Директор Байбеков Адель Шамилевич,+7(812)640-29-49,+7(812)640-29-49,Info@kros.spb.ru,"Муниципальный округ ""Чкаловское""",7813289857.0,1177847338470,
Петроградский,"СПб ГБУ ""СШОР по парусному спорту ""Крестовский остров""","197110, г. Санкт-Петербург, Южная дорога",Парусный спорт,9.0,Без ограничения,Ж,Директор Байбеков Адель Шамилевич,+7(812)640-29-49,+7(812)640-29-49,Info@kros.spb.ru,"Муниципальный округ ""Чкаловское""",7813289857.0,1177847338470,
Центральный,Государственное бюджетное учреждение Спортивная школа Центрального района Санкт-Петербурга,"Санкт-Петербург, Кирилловская ул., д. 7-9","Спортивная гимнастика, художественная гимнастика, эстетическая гимнастика, акробатический рок-н-ролл, волейбол, дзюдо",6,,Дев. Мал.,Баранов Михаил Юрьевич,274-00-90,,Centrdusch@mail.ru,МО Смольнинское,7825431233,1027809252316,
Центральный,Государственное бюджетное учреждение Спортивная школа олимпийского резерва №1 Центрального района Санкт-Петербурга,"Санкт-Петербург, Ковенский пер., д. 12","Баскетбол, легкая атлетика, спортивная гимнастика, АФК",6,,Мал. Дев.,Газин Антон Михайлович,241-29-13,,Sdushor-1centr@mail.ru,МО Литейный окрут,7825127787,1027809215719,
Василеостровский,ГБУ СШ №2 Василеостровского района Санкт-Петербурга,"Наличная ул, д. 44, корп.3","Легкая атлетика, футбол, теннис, акробатический рок-н-ролл, бадминтон, настольный теннис",,,,Шестакова Мария Георгиевна,409-83-82,,Dussh2-vo@mail.ru,,,,
Василеостровский,"СПб ГБУ ""ЦФКСиЗ ВО""","Средний пр. В.О., д. 87, корп. 2, лит. А",,,,,Кузнецова Вера Александровна,322-68-15,,Cfkszvo@mail.ru,,,,
Василеостровский,ГБУ СШОР ВО,"Малый пр. В.О., д. 66","Баскетбол, волейбол, дзюдо, шахматы)",,,,Фетисов Андрей Сергеевич,355-07-00,,Sdusshor-vo@mail.ru,,,,
Курортный,ГБУ СШОР им.В.Коренькова Курортного района Санкт-Петербурга,"г.Санкт-Петербург, г.Сестрорецк, пр. Красных Командиров, д.9, лит.А","Бокс, велоспорт-шоссе, велоспорт-трек, велоспорт-маунтинбайк, волейбол, гребной спорт (академическая гребля), дзюдо, лыжные гонки, самбо, спортивная борьба, спортивное ориентирование, тхэквондо, футбол, хоккей, спорт глухих (спортивное ориентирование), шорт-трек (конькобежный спорт),триатлон",7,40,"Женский, мужской",Виноградова Евгения Юрьевна,8 (812) 437-38-16,-,4373816@mail.ru,ВМО г. Сестрорецк,7827001557,1027812406962,"Зачисление осуществляется набором, по состоянию здоровья и контрольно-переводным нормативам"
Курортный,ГБУ СШОР Курортного района Санкт-Петербурга,"г.Санкт-Петербург, г.Зеленогорск, пр. Красных Командиров, д.19 -А","Дзюдо,самбо,лыжные гонки, футбол",6,30,"Женский, мужской",Савинов Александр Николаевич,8 (812) 433-33-19,-,Zel-sportshkola@yandex.ru,ВМО г. Зеленогорск,78270013849,1027812405720,"Зачисление осуществляется набором, при наличии медицинского допуска и вступительным (контрольно-переводным) нормативам"
Кронштадтский,Государственное бюджетное учреждение спортивная школа Кронштадтского района Санкт-Петербурга (баскетбол),"Санкт-Петербург, город Кронштадт, Цитадельское шоссе, дом 28",баскетбол,7 лет,18 лет,женский,Рыжова Наталья Владимировна,8(812)4390129,8(812)4390129,krondusch@yandex.ru,Муниципальное образование г. Кронштадт,7818010763,1027808867371,Договор безвозмездного пользования о сотрудничестве и совместном использовании помещений спортивных объектов ФОК «Кронштадт» СПб ГАУ «Дирекция по управлению спортивными сооружениями Санкт-Петербурга
Кронштадтский,Государственное бюджетное учреждение спортивная школа Кронштадтского района Санкт-Петербурга (бокс),"Санкт-Петербург, город Кронштадт, улица Литке, дом 10",бокс,10 лет,18 лет,мужской/женский,Рыжова Наталья Владимировна,8(812)4390129,8(812)4390129,krondusch@yandex.ru,Муниципальное образование г. Кронштадт,7818010763,1027808867371,
Кронштадтский,Государственное бюджетное учреждение спортивная школа Кронштадтского района Санкт-Петербурга (кикбоксинг),"Санкт-Петербург, город Кронштадт, улица Литке, дом 10",кикбоксинг,10 лет,18 лет,мужской/женский,Игнатова Вера Семеновна,8(812)4390129,8(812)4390129,krondusch@yandex.ru,Муниципальное образование г. Кронштадт,7818010763,1027808867371,
Кронштадтский,Государственное бюджетное учреждение спортивная школа Кронштадтского района Санкт-Петербурга (плавание),"Санкт-Петербург, город Кронштадт, Цитадельское шоссе, дом 28",плавание,7 лет,18 лет,мужской/женский,Игнатова Вера Семеновна,8(812)4390129,8(812)4390129,krondusch@yandex.ru,Муниципальное образование г. Кронштадт,7818010763,1027808867371,Договор безвозмездного пользования о сотрудничестве и совместном использовании помещений спортивных объектов ФОК «Кронштадт» СПб ГАУ «Дирекция по управлению спортивными сооружениями Санкт-Петербурга
Кронштадтский,Государственное бюджетное учреждение спортивная школа Кронштадтского района Санкт-Петербурга (спортивная гимнастика),"Санкт-Петербург, город Кронштадт, Цитадельское шоссе, дом 31",спортивная гимнастика,4 лет,18 лет,мужской,Рыбачева Лариса Авенберковна,8(812)4390129,8(812)4390129,krondusch@yandex.ru,Муниципальное образование г. Кронштадт,7818010763,1027808867371,
Кронштадтский,"Государственное бюджетное учреждение спортивная школа Кронштадтского района Санкт-Петербурга ул. Литке, д. 10 (теннис)","Санкт-Петербург, город Кронштадт, улица Литке, дом 10",теннис,6 лет,18 лет,мужской/женский,Иванова Ирина Петровна,8(812)4390129,8(812)4390129,krondusch@yandex.ru,Муниципальное образование г. Кронштадт,7818010763,1027808867371,Занятия платные
Кронштадтский,Государственное бюджетное учреждение спортивная школа Кронштадтского района Санкт-Петербурга (теннис),"Санкт-Петербург, город Кронштадт, Цитадельское шоссе, дом 31",теннис,6 лет,18 лет,мужской/женский,Иванова Ирина Петровна,8(812)4390129,8(812)4390129,krondusch@yandex.ru,Муниципальное образование г. Кронштадт,7818010763,1027808867371,Занятия платные
Кронштадтский,Государственное бюджетное учреждение спортивная школа Кронштадтского района Санкт-Петербурга (футбол),"Санкт-Петербург, город Кронштадт, Цитадельское шоссе, дом 31",футбол,7 лет,18 лет,мужской,Рыбачева Лариса Авенберковна,8(812)4390129,8(812)4390129,krondusch@yandex.ru,Муниципальное образование г. Кронштадт,7818010763,1027808867371,
Кронштадтский,Государственное бюджетное учреждение спортивная школа Кронштадтского района Санкт-Петербурга,"Санкт-Петербург, город Кронштадт, Тулонская аллея, дом 11",футбол,7 лет,18 лет,мужской,Рыбачева Лариса Авербековна,8(812)4390129,8(812)4390129,krondusch@yandex.ru,Муниципальное образование г. Кронштадт,7818010763,1027808867371,Стадион. Занятия проходят с апреля по октябрь
Кронштадтский,Санкт-Петербургское государственное бюджетное учреждений «Кронштадтский оздоровительно-спортивный центр». Стадион (мини-футбол),"Санкт-Петербург, город Кронштадт, Тулонская аллея, дом 11",мини-футбол,15 лет,80 лет и старше,мужской,Шлюс Александр Викторович,8(812)3114382,,popov.kron.@mail.ru,Муниципальное образование г. Кронштадт,7818010410,1027808866403,Заведущий стадионом: Попов Дмитрий Александрович
Кронштадтский,Санкт-Петербургское государственное бюджетное учреждений «Кронштадтский оздоровительно-спортивный центр». Стадион (полиатлон),"Санкт-Петербург, город Кронштадт, Тулонская аллея, дом 11",полиатлон,7 лет,80 лет и старше,мужской,Жукова Александра Александровна,8(812)3114382,8(812)3114382,popov.kron.@mail.ru,Муниципальное образование г. Кронштадт,7818010410,1027808866403,Заведущий стадионом: Попов Дмитрий Александрович
Кронштадтский,Санкт-Петербургское государственное бюджетное учреждение «Кронштадтский оздоровительно-спортивный центр». Подростково-молодежный клуб «Белая ладья» (ОФП с элементами бокса),"Санкт-Петербург, город Кронштадт, улица Зосимова, дом 44",ОФП с элементами бокса,7 лет,80 лет,мужской/женский,Шлюс Александр Викторович,8(812)4390554,8(812)4390554,koltklub@gmail.com,Муниципальное образование г. Кронштадт,7818010410,1027808866403,Руководитель клуба: Жуков Владимир Юрьевич
Кронштадтский,Санкт-Петербургское государственное бюджетное учреждение «Кронштадтский оздоровительно-спортивный центр». Подростково-молодежный клуб «Белая ладья» (Фитнес),"Санкт-Петербург, город Кронштадт, улица Зосимова, дом 44",Фитнес (тренажерный зал),15 лет,80 лет,мужской/женский,Погорелова Наталья Владимировна,8(812)4390554,8(812)4390554,koltklub@gmail.com,Муниципальное образование г. Кронштадт,7818010410,1027808866403,Руководитель клуба: Жуков Владимир Юрьевич
Кронштадтский,Санкт-Петербургское государственное бюджетное учреждение «Кронштадтский оздоровительно-спортивный центр». Военно-спортивный клуб «Русич» имени Ю.В. Антошко,"Санкт-Петербург, город Кронштадт, Посадская улица, дом 4",боевое самбо,7 лет,30 лет,мужской/женский,Шлюс Александр Викторович,8(812)4350236,8(812)4350236,vsc-rusich@mail.ru,Муниципальное образование г. Кронштадт,7818010410,1027808866403,Руководитель клуба: Шлапа Андрей Семенович
Кронштадтский,Санкт-Петербургское государственное бюджетное учреждение «Кронштадтский оздоровительно-спортивный центр». Военно-спортивный клуб «Русич» имени Юрия Антошко,"Санкт-Петербург, город Кронштадт, Посадская улица, дом 4",бокс,7 лет,30 лет,мужской/женский,Шлюс Александр Викторович,8(812)4350236,8(812)4350236,vsc-rusich@mail.ru,Муниципальное образование г. Кронштадт,7818010410,1027808866403,Руководтель клуба: Мохнаткин Александр Николаевич
Кронштадтский,Санкт-Петербургское государственное бюджетное учреждение «Кронштадтский оздоровительно-спортивный центр». Подростково-молодежный клуб «Эйс» имени Риты Погосовой,"Санкт-Петербург, город Кронштадт, улица Гидростроителей, дом 7",настольный теннис,7 лет,80 лет,мужской/женский,Шлюс Александр Викторович,8(812)4390045,8(812)4390045,tennis-klub@mail.ru,Муниципальное образование г. Кронштадт,7818010410,1027808866403,Руководитель клуба: Миловатский Владимир Степанович
Кронштадтский,Санкт-Петербургское государственное бюджетное учреждение «Кронштадтский оздоровительно-спортивный центр». Подростково-молодежный клуб «Эйс» имени Риты Погосовой (фитнес-аэробика),"Санкт-Петербург, город Кронштадт, улица Гидростроителей, дом 7",фитнес-аэробика,7 лет,80 лет и старше,мужской/женский,Погорелова тнаталья Владимировна,8(812)4390045,8(812)4390045,tennis-klub@mail.ru,Муниципальное образование г. Кронштадт,7818010410,1027808866403,Руководитель клуба: Миловатский Владимир Степанович
Кронштадтский,Санкт-Петербургское государственное бюджетное учреждение «Кронштадтский оздоровительно-спортивный центр». Подростково-молодежный клуб «Эйс» имени Риты Погосовой (Фитнес),"Санкт-Петербург, город Кронштадт, улица Гидростроителей, дом 7",Фитнес (тренажерный зал),15 лет,80 лет и старше,мужской/женский,Шлюс Александр Викторович,8(812)4390045,8(812)4390045,tennis-klub@mail.ru,Муниципальное образование г. Кронштадт,7818010410,1027808866403,Руководитель клуба: Миловатский Владимир Степанович
Кронштадтский,Санкт-Петербургское государственное бюджетное учреждение «Кронштадтский оздоровительно-спортивный центр». Опорный центр спортивно-массовой работы с молодежью допризывного возраста,"Санкт-Петербург, город Кронштадт, Цитадельское шоссе, дом 2","военно-спортивное многоборье, Зарница, плавание, стрельба",7 лет,30 лет,мужской/женский,Шлюс Александр Викторович,8(812)4175444,8(812)4175444,tirkron@mail.ru,Муниципальное образование г. Кронштадт,7818010410,1027808866403,Руководитель клуба: Евдокимов Игорь Вячеславович
Кронштадтский,Санкт-Петербургское государственное бюджетное учреждение «Кронштадтский оздоровительно-спортивный центр». Отдел спортивно-массовой работы по месту жительства,,спортивно-массовая работа на дворовых площадках,3 года,80 лет и старше,мужской/женский,Шлюс Александр Викторович,8(812)3119446,8(812)3119446,,Муниципальное образование г. Кронштадт,7818010410,1027808866403,
Кронштадтский,Государственное бюджетное общеобразовательное учреждение средняя общеобразовательная школа №418 Кронштадтского района Санкт-Петербурга,"Санкт-Петербург, г. Кронштадт, ул. Станюковича, д.4, литера А","бадминтон, волейбол, настольный теннис",7 лет,18 лет,мужской/женский,Воробьев Альберт Владимирович,8(812)4390127,8(812)4390127,school418@yandex.ru,Муниципальное образование г. Кронштадт,7818010883,1027808866580,Школьный спортивный клуб
Кронштадтский,"Государственное бюджетное общеобразовательное учреждение средняя общеобразовательная школа №418 Кронштадтского района Санкт-Петербурга (фитнес-аэробика, футбол)","Санкт-Петербург, г. Кронштадт, ул. Станюковича, д.4, литера А","фитнес-аэробика, футбол",7 лет,18 лет,женский,Воробьев Альберт Владимирович,8(812)4390127,8(812)4390127,school418@yandex.ru,Муниципальное образование г. Кронштадт,7818010883,1027808866580,Школьный спортивный клуб
Кронштадтский,Государственное бюджетное общеобразовательное учреждение средняя общеобразовательная школа №422 Кронштадтского района Санкт-Петербурга,"Санкт-Петербург, г. Кронштадт, пр. Ленина, д.6, литера А","баскетбол, волейбол, тхэквондо",7 лет,18 лет,мужской/женский,Богданова Ольга Николаевна,8(812)4175713,8(812)4175713,gou422@mail.ru,Муниципальное образование г. Кронштадт,7818010890,1027808867052,Школьный спортивный клуб
Кронштадтский,Государственное бюджетное общеобразовательное учреждение средняя общеобразовательная школа №422 Кронштадтского района Санкт-Петербурга (легкая атлетика),"Санкт-Петербург, г. Кронштадт, пр. Ленина, д.6, литера А",легкая атлетика,7 лет,18 лет,женский,Богданова Ольга Николаевна,8(812)4175713,8(812)4175713,gou422@mail.ru,Муниципальное образование г. Кронштадт,7818010890,1027808867052,Школьный спортивный клуб
Кронштадтский,Государственное бюджетное общеобразовательное учреждение средняя общеобразовательная школа №422 Кронштадтского района Санкт-Петербурга (футбол),"Санкт-Петербург, г. Кронштадт, пр. Ленина, д.6, литера А",футбол,7 лет,18 лет,мужской,Богданова Ольга Николаевна,8(812)4175713,8(812)4175713,gou422@mail.ru,Муниципальное образование г. Кронштадт,7818010890,1027808867052,Школьный спортивный клуб
Кронштадтский,Государственное бюджетное общеобразовательное учреждение средняя общеобразовательная школа №423 Кронштадтского района Санкт-Петербурга,"Санкт-Петербург, г. Кронштадт, пл. Рошаля, д.4/11, литера А","волейбол, спортивное ориентирование, спортивный туризм, футбол",7 лет,18 лет,мужской/женский,Рыкина Светлана Александровна,8(812)4176160,8(812)4176162,gou423@yandex.ru,Муниципальное образование г. Кронштадт,7818010900,1027808867041,Школьный спортивный клуб
Кронштадтский,Государственное бюджетное общеобразовательное учреждение средняя общеобразовательная школа №423 Кронштадтского района Санкт-Петербурга (художественная гимнастика),"Санкт-Петербург, г. Кронштадт, пл. Рошаля, д.4/11, литера А",художественная гимнастика,7 лет,18 лет,женский,Рыкина Светлана Александровна,8(812)4176160,8(812)4176162,gou423@yandex.ru,Муниципальное образование г. Кронштадт,7818010900,1027808867041,Школьный спортивный клуб
Кронштадтский,Государственное бюджетное общеобразовательное учреждение средняя общеобразовательная школа №423 Кронштадтского района Санкт-Петербурга (военно-прикладные виды спорта),"Санкт-Петербург, г. Кронштадт, пл. Рошаля, д.4/11, литера А",военно-прикладные виды спорта,7 лет,18 лет,мужской,Рыкина Светлана Александровна,8(812)4176160,8(812)4176162,gou423@yandex.ru,Муниципальное образование г. Кронштадт,7818010900,1027808867041,Школьный спортивный клуб
Кронштадтский,Государственное бюджетное общеобразовательное учреждение средняя общеобразовательная школа №425 имени П.Л. Капицы Кронштадтского района Санкт-Петербурга,"Санкт-Петербург, г. Кронштадт, Андреевская ул., 7, литера А","баскетбол, волейбол",7 лет,18 лет,мужской/женский,Асанова Ирина Николаевна,8(812)3115128,8(812)3115128,direkt425@yandex.ru,Муниципальное образование г. Кронштадт,781801925,1027808867350,Отделение дополнительного образования
Кронштадтский,Государственное бюджетное общеобразовательное учреждение средняя общеобразовательная школа №425 имени П.Л. Капицы Кронштадтского района Санкт-Петербурга (футбол),"Санкт-Петербург, г. Кронштадт, Цитадельское шоссе, д.2, литера А",футбол,7 лет,18 лет,мужской,Асанова Ирина Николаевна,8(812)3115128,8(812)3115128,direkt425@yandex.ru,Муниципальное образование г. Кронштадт,781801925,1027808867350,Школьный спортивный клуб
Кронштадтский,Государственное бюджетное общеобразовательное учреждение средняя общеобразовательная школа №427 Кронштадтского района Санкт-Петербурга,"Санкт-Петербург, г. Кронштадт, ул. Лебедева, д.5а, литера А","баскетбол, бокс, волейбол",7 лет,18 лет,мужской/женский,Емельянова Анна Михайловна,8(812)4175730,8(812)4175732,s427@yandex.ru,Муниципальное образование г. Кронштадт,7818010932,1027808867118,Школьный спортивный клуб
Кронштадтский,Государственное бюджетное общеобразовательное учреждение средняя общеобразовательная школа №427 Кронштадтского района Санкт-Петербурга (легкая атлетика),"Санкт-Петербург, г. Кронштадт, ул. Лебедева, д.5а, литера А",легкая атлетика,7 лет,18 лет,женский,Емельянова Анна Михайловна,8(812)4175730,8(812)4175732,s427@yandex.ru,Муниципальное образование г. Кронштадт,7818010932,1027808867118,Школьный спортивный клуб
Кронштадтский,Государственное бюджетное общеобразовательное учреждение средняя общеобразовательная школа №427 Кронштадтского района Санкт-Петербурга (футбол),"Санкт-Петербург, г. Кронштадт, ул. Лебедева, д.5а, литера А",футбол,7 лет,18 лет,мужской,Емельянова Анна Михайловна,8(812)4175730,8(812)4175732,s427@yandex.ru,Муниципальное образование г. Кронштадт,7818010932,1027808867118,Школьный спортивный клуб
Кронштадтский,Государственное бюджетное общеобразовательное учреждение начальная школа-детский сад №662 Кронштадтского района Санкт-Петербурга,"Санкт-Петербург, г. Кронштадт, коммунистическая ул., д.16, литера А","фитнес-аэробика, шашки",7 лет,12 лет,мужской/женский,Новицкая Любовь Ивановна,8(818)4350896,8(812)4350897,kron662@yandex.ru,Муниципальное образование г. Кронштадт,7818010812,1027808867283,Отделение дополнительного образования
Кронштадтский,Государственное бюджетное общеобразовательное учреждение школа №676 Кронштадтского района Санкт-Петербурга,"Санкт-Петербург, г. Кронштадт, Андреевская ул, д.3, литера А",настольный теннис,7 лет,18 лет,мужской/женский,Васюсина Ольга Викторовна,8(812)3116888,8(812)3116888,school_676@mail.ru,Муниципальное образование г. Кронштадт,7818010971,1027808868614,"Отделение дополнительного образования. Занятия проводятся с лицами с ограниченными возможностями здоровья, нарушения интеллекта"
Кронштадтский,Государственное бюджетное учреждение дополнительного образования детский морской центр Кронштадтского района Санкт-Петербурга «Юный моряк» (ГБУ ДОД ДМЦ «Юный моряк») (плавание),"Санкт-Петербург, г. Кронштадт,Советская ул., д.39, литера А",плавание,12 лет,16 лет,мужской/женский,Романчук Елена Леонидовна,8(812)3110495,8(812)3110495,kronkum82@mail.ru,Муниципальное образование г. Кронштадт,7818010957,1027808868450,
Кронштадтский,Государственное бюджетное учреждение дополнительного образования детский морской центр Кронштадтского района Санкт-Петербурга «Юный моряк» (ГБУ ДОД ДМЦ «Юный моряк») (художественная гимнастика),"Санкт-Петербург, г. Кронштадт,Советская ул., д.39, литера А",художественная гимнастика,9 лет,14 лет,женский,Романчук Елена Леонидовна,8(812)3110495,8(812)3110495,kronkum82@mail.ru,Муниципальное образование г. Кронштадт,7818010957,1027808868450,
Кронштадтский,Государственное бюджетное учреждение дополнительного образования Дом детского творчества Кронштадтского района Санкт-Петербурга «Град чудес»,"Санкт-Петербург, г. Кронштадт, пр. Ленина, д.51, литера А",основы туризма,10 лет,16 лет,мужской/женский,Черникова Инна Юрьевна,8(812)4350745,8(812)4350745,grad_tchudes@mail.ru,Муниципальное образование г. Кронштадт,7818010770,1027808866381,
Кронштадтский,"Санкт-Петербургское государственное бюджетное учреждение «Кронштадтский дворец молодежи» (бодибилдинг, восточное боевое единоборство, рукопашный бой)","Санкт-Петербург, г. Кронштадт, Советская ул., д.35","бодибилдинг, восточное боевое единоборство, рукопашный бой",15 лет,59 лет,мужской/женский,Зыкова Елена Владимировна,8(812)4352398,8(812)4352398,bastion.35@mail.ru,Муниципальное образование г. Кронштадт,7843311806,1107847313100,Спортивный клуб «Коби-Кай». Руководитель: Иванюк Анатолий Валентинович. Тел.: 8(812)4350103
Кронштадтский,"Санкт-Петербургское государственное бюджетное учреждение «Кронштадтский дворец молодежи» (бокс, джиу-джитсу, каратэ, самбо)","Санкт-Петербург, г. Кронштадт, Советская ул., д.35","бокс, джиу-джитсу, каратэ, самбо",15 лет,59 лет,мужской,Зыкова Елена Владимировна,8(812)4352398,8(812)4352398,bastion.35@mail.ru,Муниципальное образование г. Кронштадт,7843311806,1107847313100,Спортивный клуб «Коби-Кай». Руководитель: Иванюк Анатолий Валентинович. Тел.: 8(812)4350103
Кронштадтский,Санкт-Петербургское государственное бюджетное учреждение «Кронштадтский дворец молодежи» (фитнес-аэробика),"Санкт-Петербург, г. Кронштадт, Советская ул., д.35",фитнес-аэробика,15 лет,59 лет,женский,Зыкова Елена Владимировна,8(812)4352398,8(812)4352398,bastion.35@mail.ru,Муниципальное образование г. Кронштадт,7843311806,1107847313100,Спортивный клуб «Коби-Кай». Руководитель: Иванюк Анатолий Валентинович. Тел.: 8(812)4350103
Красносельский,Государственное бюджетное учреждение спортивная школа Красносельского района Санкт-Петербурга,"г.Санкт-Петербург, улица Тамбасова, дом 17, корпус 1, литера А","Акробатический рок-н-ролл; баскетбол, бокс, волейбол, дзюдо, лыжные гонки, спортивная (вольная) борьба, тхэквондо, ушу, фехтование, футбол",7 лет,18 лет,"муж., жен.",Шустров Игорь Андреевич - исполняющий обязанности директора,730-96-66,730-96-66,dusch.kr@yandex.ru,Константиновское,7807016241,1027804606389,
Калининский,ГБУ СШОР № 1 Калининского района Санкт-Петербурга,"г.Санкт-Петербург, Гражданский проспект, дом 7, литера А","Волейбол, бадминтон, баскетбол, тяжелая атлетика, художественная гимнастика, стрельба из лука, спорт лиц с поражением ОДА (стрельба из лука)",6,Без ограничений,"Женский, мужской",Ефимычев Павел Станиславович,+7(812)246-30-20,+7(812)246-30-20,Shor1kalin@sport.gugov.spb.ru,МО Гражданка,7804071734,1027802497711,Зачисление в учреждение осуществляется на конкурсной основе
Калининский,ГБУ СШОР № 2 Калининского района Санкт-Петербурга,"г.Санкт-Петербург, улица Брянцева, дом 24, литера А","Велоспорт ВМХ, легкая атлетика,лыжные гонки,настольный теннис,самбо,шахматы,кикбоксинг,тайский бокс, универсальный бой,ушу,спорт глухих(настольный теннис),спорт лиц с поражением ОДА(лыжные гонки, настольный теннис),бокс,конькобежный спорт",6,Без ограничений,"Женский, мужской",Антонов Максим Викторович,+7(812)531-37-33,+7(812)531-37-33,Dush2kalin@mail.ru,МО Прометей,7804029411,1027802498932,Зачисление в учреждение осуществляется на конкурсной основе
Калининский,ГБУ СШОР № 3 Калининского района Санкт-Петербурга,"г.Санкт-Петербург, улица Ушинского, дом 10, корпус 2, литера А","Биатлон, плавание, пулевая стрельба, синхронное плавание, современное пятиборье, спортивная гимнастика, тхэквондо, фехтование, спорт глухих-пулевая стрельба, фристайл",6,18 (18 и старше по согласованию с КФКиС,"Женский, мужской",Васильев Дмитрий Владимирович,+7(812)290-07-87,+7(812)290-07-87,Sport@sdushor3spb.ru,МО Прометей,7804447730,1107847356825,Зачисление в учреждение осуществляется на конкурсной основе
Калининский,ГБУ СШОР имени А.С. Рахлина Калининского района Санкт-Петербурга,"г. Санкт-Петербург, Кондратьевский проспект, дом 13 литера А",Дзюдо,7,Без ограничения,"Женский, мужской",Храмова Маргарита Викторовна,+7(812)576-99-32,Отсутствует,Centr-judo@mail.ru,МО Финляндский округ,7804532520,1147847160174,Зачисление в учреждение осуществляется на конкурсной основе
Калининский,"СПб ГБУ «Центр физической культуры, спорта и здоровья Калининского района»","г.Санкт-Петербург, улица Демьяна Бедного, дом 9, литера А","Волейбол, баскетбол, бокс, флорбол, самбо, футбол, универсальный бой, скалолазание, хоккей",7,18,"Женский, мужской",Камаев Дмитрий Леонидович,+7(812)597-72-63,+7(812)597-72-63,Fok-sport@mail.ru,МО Прометей,7804411758,109784074574,Зачисление в учреждение осуществляется на основании заявления
Красногвардейский,ГБОУ ДОД «Центр Физкультура и Здоровье» Красногвардейского района,"195030, Санкт-Петербург, пр. Ударников, д. 39, к. 1","Волейбол, Городошный спорт, Велоспорт, ОФП, Гимнастика, Легкая атлетика, Лыжный спорт, Настольный теннис, Рукопашный бой, Самбо, Спортивное ориентирование, Ушу, Флорбол, Футбол, Хореография, Художественная гимнастика, Шахматы, Фигурное катание, Хоккей",2,Без ограничений,М/ж,Директор – Соминский Алексей Игоревич,386-40-48,"3862058, 3862059",5444646@mail.ru,Ржевка,7806040530,1037816042263,
Красногвардейский,ГБУ СШ Красногвардейского района Санкт-Петербурга,"195030, Санкт-Петербург, Отечественная ул., д. 6","Бокс, Легкая атлетика, Лыжные гонки, Настольный теннис, Адаптивная физическая культура, Биатлон, Фехтование",6,18,М/ж,Директор – Сагиева Екатерина Александровна,"527-83-33, 525-75-66",527-83-33,Dussh@bk.ru,Ржевка,7806105001,1037816019295,
Красногвардейский,ГБУ СШ № 2 Красногвардейского района Санкт-Петербурга,"195426, Санкт-Петербург, Ленская ул., д.1, корп. 2","Вольная борьба, Киокусинкай, Спортивная аэробика, Танцевальный спорт, Футбол, Художественная гимнастика, Плавание",6,18,М/ж,Директор – Кицак Тарас Петрович,521-83-61,521-83-61,Ducsh2_krasnogv@mail.ru,Пороховые,7806303878,1047855073309,
Красногвардейский,ПМК «Адреналин»,"Санкт-Петербург, ул. Белорусская, д. 6, к. 2","Тхэквондо, Йога",7,30,М/ж,Заведующий клубом - Герасенков Денис Игоревич,Тел.: +7-921-799-84-81,498-84-27,Pmcohta@pmcohta.ru,Пороховые,7806026470,1037816004577,
Красногвардейский,ПМК «Альтаир»,"Санкт-Петербург, пр. Металлистов, д. 19/30","ОФП, Цирковая студия, Плавание",7,30,М/ж,Заведующий клубом - Кудрявцева Нина Николаевна,Тел.: 224-28-29,498-84-27,Pmcohta@pmcohta.ru,Большая Охта,7806026470,1037816004577,
Красногвардейский,ПМК «Березка»,"Санкт-Петербург, пр. Шаумяна, д. 31","Шахматы, Шашки, Туризм, Атлетическая подготовка",7,Без ограничений,М/ж,Заведующий клубом- Григолия Элина Камильевна,"Тел.: 444-62-23, 444-90-77",498-84-27,Pmcohta@pmcohta.ru,Малая Охта,7806026470,1037816004577,
Красногвардейский,ПМК «Вега»,"Санкт-Петербург, ул. Коммуны, д. 32, корп. 5",Городошный спорт,7,30,М/ж,Заведующий клубом - Саяпина Марина Сергеевна,Тел.: 520-86-06,498-84-27,Pmcohta@pmcohta.ru,Пороховые,7806026470,1037816004577,
Красногвардейский,ПМК «Метеор»,"Санкт-Петербург, ул. Тухачевского, д. 41","Каратэ, Художественная гимнастика, Настольный теннис, Общая физическая подготовка, Атлетизм, Скалолазание, Дзюдо",7,30,М/ж,Заведующий клубом - Дубасова Наталья Игоревна,"Тел.: 545-23-70, 226-02-88",498-84-27,Pmcohta@pmcohta.ru,Полюстрово,7806026470,1037816004577,
Красногвардейский,ПМК «Диалог»,"Санкт-Петербург, Индустриальный пр., д.7","Ушу, Капоэйра, Гражданская оборона",7,30,М/ж,Заведующий клубом – Герасенков Денис Игоревич,Тел. 574-20-05,498-84-27,Pmcohta@pmcohta.ru,Полюстрово,7806026470,1037816004577,
Красногвардейский,ПМК «Рубин»,"Санкт-Петербург, Новочеркасский пр., д.57, корп. 3","Самбо, Дзюдо, Общая физическая подготовка, Военно-спортивная секция, Модерн- гимнастика, Кикбоксинг, Рукопашный бой",7,Без ограничений,М/ж,Заведующий клубом - Сосновский Антон Вячеславович,Тел.: 444-15-69,498-84-27,Pmcohta@pmcohta.ru,Малая Охта,7806026470,1037816004577,
Красногвардейский,ПМК «Гранит»,"Санкт-Петербург, ул. Гранитная, д. 28/2","Дзюдо, Атлетизм, Паркур",7,Без ограничений,М/ж,Заведующий клубом - Климов Евгений Николаевич,"Тел.:, 444-74-27",498-84-27,Pmcohta@pmcohta.ru,Малая Охта,7806026470,1037816004577,
Красногвардейский,ПМК «Родник»,"Санкт-Петербург, ул. Ленская, д. 8","Атлетизм, Общая физическая подготовка, Тхэквондо, Джиу-джтсу, Кендзюцу",7,30,М/ж,Заведующий клубом – Симкина Вера Юрьевна,Тел.: 574-21-64,498-84-27,Pmcohta@pmcohta.ru,Пороховые,7806026470,1037816004577,
Красногвардейский,"ПМК ""Нева""","Санкт-Петербург, пр. Энергетиков, д. 50","Волейбол, Настольный теннис, Спортивное ориентирование, Футбол",7,30,М/ж,Заведующий клубом – Алекберова Венера Мударисовна,Тел: 225-62-69,498-84-27,Pmcohta@pmcohta.ru,Полюстрово,7806026470,1037816004577,
Красногвардейский,ПМК «Радуга»,"Санкт-Петербург, Большеохтинский пр., д. 19",Шахматы,7,30,М/ж,Заведующий клубом – Турылева Татьяна Николаевна,Тел: 227-16-55,498-84-27,Pmcohta@pmcohta.ru,Большая Охта,7806026470,1037816004577,
Красногвардейский,ПМК «Чайка»,"Санкт-Петербург, Казанская ул., д. 14","Дзюдо, Каратэ, Общая физическая подготовка, Футбол, Ориентирование",7,30,М/ж,Заведующий клубом – Гасникова Надежда Викторовна,Тел.: 444-41-39,498-84-27,Pmcohta@pmcohta.ru,Малая Охта,7806026470,1037816004577,
Красногвардейский,"ПМК ""Острова""","Санкт-Петербург, улица Корнея Чуковского, дом 3, корпус 1",Общая физическая подготовка,14,30,М/ж,Заведующий клубом - Ярославлев Максим Витальевич,Тел.: 498-84-27,498-84-27,Pmcohta@pmcohta.ru,Полюстрово,7806026470,1037816004577,
Петродворцовый,"Государственное бюджетное учреждение спортивная школа ""Манеж""Петродворцового района Санкт-Петербурга","Санкт-Петербург, город Ломоносов, Манежная улица, дом 3, литера А","Легкая атлетика, плавание, спортивная аэробика, хоккей",7 лет,18 лет,М\Ж,Овсянникова Инна Витальевна,422-08-33,422-08-33,Manezh-spb@mail.ru,МО город Ломоносов,7823005504,1027808914440,
Петродворцовый,Государственное бюджетное учреждение спортивная школа олимпийского резерва Петродворцового района Санкт-Петербурга,"Санкт-Петербург, город Петергоф, Озерковая улица, дом 23а, литера А","Баскетбол, велоспорт-шоссе, велоспорт BMX, велоспорт-маутинбайк, дзюдо, лыжные гонки, плавание, футбол, джиу-джитсу",7 лет,18 лет,М\Ж,Козак Татьяна Михайловна,427-34-96,427-34-96,Olimpus78@rambler.ru,МО город Петергоф,7819023910,1027808913296,
Приморский,Государственное бюджетное учреждение спортивная школа олимпийского резерва Приморского района Санкт-Петербурга,"197349, г.Санкт-Петербург, проспект Королёва, дом 23, литера А","Волейбол, гандбол, плавание",7,19,"м,ж",Директор - Горячев Виктор Сергеевич,393-54-24,301-77-89,sport@sportvprim.ru,МО Озеро Долгое,7814103826,1027807581042,
Пушкинский,Государственное бюджетное учреждение спортивная школа олимпийского резерва Пушкинского района Санкт-Петербурга,"Санкт-Петербург, город Пушкин, Ленинградская улица, дом 83, литера А",Легкая атлетика; спортивная гимнастика; художественная гимнастика; спортивное ориентирование; стрельба из лука,5,18,"Мужской, женский",Ходырев Владимир Игоревич,470-52-11,470-52-11,Sds.push@yandex.ru,Муниципальное образование г. Пушкин,7820022526,1027809005388,
Пушкинский,Государственное бюджетное учреждение спортивная школа по футболу Пушкинского района Санкт-Петербурга,"Санкт-Петербург, город Павловск, Госпитальная улица, дом 24, сооружение 1",Футбол,5,18,"Мужской, женский",Баранов Кирилл Сергеевич,630-33-36,630-33-36,Info@football-cs.ru,Муниципальное образование г. Павловск,7820070061,1197847108799,
