Район,Наименование учреждения,Сокращенное наименование,Адрес,Ближайшая станция метро,Руководитель,Телефон,Факс,Электронная почта,Муниципальное образование,ИНН,ОГРН,Примечание
Выборгский,"Санкт-Петербургское государтсвенное бюджетное учреждение ""Подростково-молодежный центр ""МИР""","СПб ГБУ ПМЦ ""МИР""","Санкт-Петербург, пр. Энгельса, д. 147, к. 1, лит. Д",Проспект Просвещения,Некрасова Елена Владимировна,7(812)4098037,7(812)4098036,pmc-mir@yandex.ru,Парнас,7802114291,1027801582192,
Выборгский,"Санкт-Петербургское государственное бюджетное учреждение Дом молодежи ""ФОРПОСТ"" Выборгского района","СПб ГБУ ДМ ""ФОРПОСТ""","Санкт-Петербург, Лесной пр., д.61/3",Лесная,Морозова Татьяна Николаевна,+7(812)2950019,+7(812)2950019,dm_forpost@mail.ru,Сампсониевское,7802011634,1037804007944,
Фрунзенский район,"Санкт-Петербургское государственное бюджетное учреждение ""Подростково-молодежный досуговый центр ""Фрунзенский""","СПб ГБУ ""ПМДЦ ""Фрунзенский""","192236, Санкт-Петербург, ул. Софийская, д. 38, к. 2",Международная,Соколов Евгений Николаевич,411-85-75,411-85-75,pmdcfrunz@mail.ru,МО № 72,7816376882,1057812918492,
Калининский,"Санкт-Петербургское государственное бюджетное учреждение ""Подростково-молодежный центр ""Калининский""","СПб ГБУ ""ПМЦ ""Калининский""","195273, Санкт-Петербург, ул. Руставели, д. 37, лит. А",Гражданский проспект,Логвинова Наталья Владимировна,298-88-76,298-88-76,5564920@mail.ru,Пискаревка,7804033432,1027802519634,
Кронштадтский,"Санкт-Петербургское государственное бюджетное учреждение ""Кронштадтский Дворец молодёжи""","СПБ ГБУ ""КДМ""","Кронштадт, ул. Советская, д. 35",Беговая,Зыкова Елена Владимировна,311-22-14,435-23-98,bastion.35@mail.ru,Город Кронштадт,7843311806,1107847313100,
Приморский,Санкт-Петербургское государственное бюджетное учреждение «Дом молодёжи Приморского района Санкт-Петербурга»,СПб ГБУ «Дом молодёжи Приморского района»,"пр. Королёва, дом 32, корпус 1, литера Б",Комендантский проспект,Дементьева Елена Ивановна,342-99-42,342-99-42,dom-mol@yandex.ru,Озеро Долгое,7814385970,1077847612545,
Приморский,Санкт-Петербургское государственное бюджетное учреждение «Дом молодёжи Приморского района Санкт-Петербурга» (МТМ «В стиле»),Молодежная творческая мастерская «В стиле»,"Школьная ул., д.17",Черная речка,Дементьева Елена Ивановна,340-54-75,342-99-42,dom-mol@yandex.ru,Черная речка,7814385970,1077847612545,
Приморский,Санкт-Петербургское государственное бюджетное учреждение «Дом молодёжи Приморского района Санкт-Петербурга» (Арт-студия «На Ланском»),Арт-студия «На Ланском»,"Ланское шоссе, д.2/57, лит. А, пом.2Н",Черная речка,Дементьева Елена Ивановна,492-00-17,342-99-42,dom-mol@yandex.ru,Черная речка,7814385970,1077847612545,
Приморский,Санкт-Петербургское государственное бюджетное учреждение «Дом молодёжи Приморского района Санкт-Петербурга» (МК «Каскад»),Молодежный клуб «Каскад»,"Мебельная, ул., д.25, к.1, лит. А, пом. 26Н",Комендантский проспект,Дементьева Елена Ивановна,682-10-20,342-99-42,dom-mol@yandex.ru,№65,7814385970,1077847612545,
Приморский,Санкт-Петербургское государственное бюджетное учреждение «Дом молодёжи Приморского района Санкт-Петербурга» (МК «Ритм»),Молодежный клуб «Ритм»,"Мебельная, ул., д.25, к.1, лит. А, пом. 27Н",Комендантский проспект,Дементьева Елена Ивановна,620-62-22,342-99-42,dom-mol@yandex.ru,№65,7814385970,1077847612545,
Приморский,Санкт-Петербургское государственное бюджетное учреждение «Дом молодёжи Приморского района Санкт-Петербурга» (МК «Молодежная идея»),Молодежный клуб «Молодежная идея»,"Туристская ул, д.11, к.1, лит. А, пом.20Н",Комендантский проспект,Дементьева Елена Ивановна,619-97-77,342-99-42,dom-mol@yandex.ru,№65,7814385970,1077847612545,
Приморский,Санкт-Петербургское государственное бюджетное учреждение «Дом молодёжи Приморского района Санкт-Петербурга» (МЦ «На Богатырском»),Молодежный центр «На Богатырском»,"Богатырский пр., д.44, лит.А",Комендантский проспект,Дементьева Елена Ивановна,341-00-93,342-99-42,dom-mol@yandex.ru,№65,7814385970,1077847612545,
Приморский,Санкт-Петербургское государственное бюджетное учреждение «Подростковый центр «Альбатрос» (ПМК «Буревестник»),ПМК «Буревестник»,"г.Санкт-Петербург, Долгоозёрная улица, дом 16, корпус 1, литера А",Комендантский проспект,Кнапик Василий Андреевич,343-13-85,343-13-85,gualbatros@yandex.ru,Юнтолово,7814010385,1037832008092,
Приморский,Санкт-Петербургское государственное бюджетное учреждение «Подростковый центр «Альбатрос» (ПМК «Заозерье»),ПМК «Заозерье»,"Комендантский пр., д.39",Комендантский проспект,Кнапик Василий Андреевич,306-01-66,306-01-66,gualbatros@yandex.ru,Юнтолово,7814010385,1037832008092,
Приморский,Санкт-Петербургское государственное бюджетное учреждение «Подростковый центр «Альбатрос» (ПМК «Ракета»),ПМК «Ракета»,"Сердобольская ул., д.73/27",Черная речка,Кнапик Василий Андреевич,492-80-68,492-80-68,gualbatros@yandex.ru,Черная речка,7814010385,1037832008092,
Приморский,Санкт-Петербургское государственное бюджетное учреждение «Подростковый центр «Альбатрос» (ПМК «Нева»),ПМК «Нева»,"ул. Савушкина, дом 37, литера А",Черная речка,Кнапик Василий Андреевич,430-32-13,430-32-13,gualbatros@yandex.ru,Черная речка,7814010385,1037832008092,
Приморский,Санкт-Петербургское государственное бюджетное учреждение «Подростковый центр «Альбатрос» (ПМК «Юность»),ПМК «Юность»,"Торжковская ул., д.24 к.2",Черная речка,Кнапик Василий Андреевич,492-20-22,492-20-22,gualbatros@yandex.ru,Черная речка,7814010385,1037832008092,
Приморский,Санкт-Петербургское государственное бюджетное учреждение «Подростковый центр «Альбатрос» (ПМК «Смена»),ПМК «Смена»,"Школьная ул., д.5",Черная речка,Кнапик Василий Андреевич,496-14-93,496-14-93,gualbatros@yandex.ru,Черная речка,7814010385,1037832008092,
Приморский,Санкт-Петербургское государственное бюджетное учреждение «Подростковый центр «Альбатрос» (ПМК «Восход»),ПМК «Восход»,"Испытателей пр., д.31",Пионерская,Кнапик Василий Андреевич,395-36-62,395-36-62,gualbatros@yandex.ru,Озеро долгое,7814010385,1037832008092,
Приморский,Санкт-Петербургское государственное бюджетное учреждение «Подростковый центр «Альбатрос» (ПМК «Чайка»),ПМК «Чайка»,"Вербная ул., дом 12, корпус 1, литера А",Удельная,Кнапик Василий Андреевич,601-18-33,601-18-33,gualbatros@yandex.ru,Коломяги,7814010385,1037832008092,
Приморский,Санкт-Петербургское государственное бюджетное учреждение «Подростковый центр «Альбатрос» (ПМК «Галактика»),ПМК «Галактика»,"Ланское шоссе, д.24. к.5",Черная речка,Кнапик Василий Андреевич,496-23-18,496-23-18,gualbatros@yandex.ru,Черная речка,7814010385,1037832008092,
Приморский,Санкт-Петербургское государственное бюджетное учреждение «Подростковый центр «Альбатрос» (ПМК «Парашют»),ПМК «Парашют»,"Байконурская ул., д.11",Комендантский проспект,Кнапик Василий Андреевич,496-14-93,-,gualbatros@yandex.ru,Комендантский аэродром,7814010385,1037832008092,
Приморский,Санкт-Петербургское государственное бюджетное учреждение «Подростковый центр «Альбатрос» (ПМК «Флай»),ПМК «Флай»,"пр. Авиаконструкторов, дом 16, корпус 1, литера А",Комендантский проспект,Кнапик Василий Андреевич,496-14-93,-,gualbatros@yandex.ru,Юнтолово,7814010385,1037832008092,
Приморский,Санкт-Петербургское государственное бюджетное учреждение «Подростковый центр «Альбатрос» (ПМК «Юпитер»),ПМК «Юпитер»,"Комендантский пр., д.51 к.1",Комендантский проспект,Кнапик Василий Андреевич,496-14-93,-,gualbatros@yandex.ru,Коломяги,7814010385,1037832008092,
Приморский,Санкт-Петербургское государственное бюджетное учреждение «Подростковый центр «Альбатрос» (ПМК «Лахта-Спорт»),ПМК «Лахта-Спорт»,"Вокзальная ул., д.2",Старая деревня,Кнапик Василий Андреевич,496-14-93,-,gualbatros@yandex.ru,Лахта-Ольгино,7814010385,1037832008092,
Приморский,Санкт-Петербургское государственное бюджетное учреждение «Подростковый центр »Альбатрос» (ПМК «Развитие«),ПМК «Развитие»,"ул. Нижне-Каменская, д. 26",Комендантский проспект,Кнапик Василий Андреевич,496-14-93,-,Gualbatros@yandex.ru,Юнтолово,7814010385,1037832008092,
Кировский,"Санкт-Петербургское государственное бюджетное учреждение ""Подростково-молодежный центр ""Кировский""","СПб ГБУ ""ПМЦ ""Кировский""","198216, Санкт-Петербург, пр. Народного Ополчения, д. 3",Ленинский проспект,Домбровская Наталья Эдуардовна,377-21-13,376-56-48,Pmz.kir@gmail.com,МО Княжево,7805039540,1037811033512,
Красногвардейский,"""Санкт-Петербургское государственное бюджетное  учреждение ""Подростково-молодежный центр ""Охта"" (ПМК Адреналин)""","СПб ГБУ ""ПМЦ ""Охта""","ул. Белорусская, д. 6, корпус 2",Ладожская,Петрачев Игорь Викторович,498-84-27,,pmcohta@pmcohta.ru,Пороховые,7806026470,1037816004577,
Красногвардейский,"Санкт-Петербургское государственное бюджетное учреждение ""Подростково-молодежный центр ""Охта""","СПб ГБУ ""ПМЦ ""Охта""","ул. Ленская, д.5",Ладожская,Петрачев Игорь Викторович,498-84-27,,pmcohta@pmcohta.ru,Пороховые,7806026470,10337816004577,
Красногвардейский,"Санкт-Петербургское государственное бюджетное учреждение ""Подростково-молодежный центр ""Охта"" (МАП Фактура)","СПб ГБУ ""ПМЦ ""Охта""","пр. Металлистов, д.19/30",Ладожская,Петрачев Игорь Викторович,498-84-27,,pmcohta@pmcohta.ru,Большая Охта,7806026470,1037816004577,
Красногвардейский,"Санкт-Петербургское государственное бюджетное учреждение ""Подростково-молодежный центр ""Охта"" (ЦРК Березка)","СПб ГБУ ""ПМЦ ""Охта""","пр. Шаумяна, д. 31",Новочеркасская,Петрачев Игорь Викторович,498-84-27,,pmcohta@pmcohta.ru,Малая Охта,7806026470,1037816004577,
красногвардейский,"Санкт-Петербургское государственное бюджетное учреждение ""Подростково-молодежный центр ""Охта"" (ПМК Вега)","СПб ГБУ ""ПМЦ ""Охта""","ул. Коммуны, д.32, корпус 5",Ладожская,Петрачев Игорь Викторович,498-84-27,,pmcohta@pmcohta.ru,Ржевка,7806026470,1037816004577,
Красногвардейский,"Санкт-Петербургское государственное бюджетное учреждение ""Подростково-молодежный центр ""Охта"" (ПМК Диалог)","СПБ ГБУ ""ПМЦ ""Охта""",пр. Индустриальный. д.7,Ладожская,Петрачев Игорь Викторович,498-84-27,,pmcohta@pmcohta.ru,Пороховые,498-84-27,1037816004577,
Красногвардейский,"Санкт-Петербургское государственное бюджетное учреждение ""Подростково-молодежный центр ""Охта"" (ПМК Метеор)","СПБ ГБУ ""ПМЦ ""Охта""","ул. Маршала Тухачевского, д. 41",Площадь Ленина,Петрачев Игорь Викторович,498-84-27,,pmcohta@pmcohta.ru,Полюстрово,7806026470,1037816004577,
Красногвардейский,"Санкт-Петербургское государственное бюджетное учреждение ""Подростково-молодежный центр ""Охта"" (ПМК Нева)","СПб ГБУ ""ПМЦ ""Охта""","пр. Энергетиков, д. 50",Ладожская,Петрачев Игорь Викторович,498-84-27,,pmcohta@pmcohta.ru,Полюстрово,7806026470,1037816004577,
Красногвардейский,"Санкт-Петербургское государственное бюджетное учреждение ""Подростково-молодежный центр ""Охта"" (ЦДАМ Измерение)","СПб ГБУ ""ПМЦ ""Охта""","пр. Большеохтинский, д. 19",Новочеркасская,Петрачев Игорь Викторович,498-84-27,,pmcohta@pmcohta.ru,Большая Охта,7806026470,1037816004577,
Красногвардейский,"Санкт-Петербургское государственное бюджетное учреждение ""Подростково-молодежный центр ""Охта"" (ПМК Родник)","СПб ГБУ ""ПМЦ"" Охта""","ул. Ленская д. 8, корп. 2",Ладожская,Петрачев Игорь Викторович,498-84-27,,pmcohta@pmcohta.ru,Пороховые,7806026470,1037816004577,
Красногвардейский,"Санкт-Петербургское государственное бюджетное учреждение ""Подростково-молодежный центр ""Охта"" (ПМК Современник)","СПб ГБУ ""ПМЦ "" Охта""","пр. Малоохтинский, д.92",Новочеркасская,Петрачев Игорь Викторович,498-84-27,,pmcohta@pmcohta.ru,Малая Охта,7806026470,1037816004577,
Красногвардейский,"Санкт-Петербургское государственное бюджетное учреждение ""Подростково-молодежный центр ""Охта"" (ПМК Чайка)","СПб ГБУ ""ПМЦ ""Охта""","ул. Казанская, д. 14",Новочеркасская,Петрачев Игорь Викторович,498-84-27,,pmcohta@pmcohta.ru,Малая Охта,7806026470,1037806004577,
Красногвардейский,"Санкт-Петербургское государственное бюджетное учреждение ""Подростково-молодежный центр ""Охта"" (ИКЦ)","СПб ГБУ ""ПМЦ ""Охта""","пр. Среднеохтинский, д. 14/15",Новочеркасская,Петрачев Игорь Викторович,498-84-27,,pmcohta@pmcohta.ru,Большая Охта,7806026470,1037816004577,
Красногвардейский,"Санкт-Петербургское государственное бюджетное учреждение ""Подростково-молодежный центр ""Охта"" (ПМК Факел)","СПб ГБУ ""ПМЦ ""Охта""","ул. Тарасова, д. 11",Новочеркасская,Петрачев Игорь Викторович,498-84-27,,pmcohta@pmcohta.ru,Большая Охта,7806026470,1037816004577,
Красногвардейский,"Санкт-Петербургское государственное бюджетное учреждение ""Подростково-молодежный центр ""Охта"" (Квартира.ру)","СПб ГБУ ""ПМЦ ""Охта""",ул. Республиканская. д. 18,Новочеркасская,Петрачев Игорь Викторович,498-84-27,,pmcohta@pmcohta.ru,Большая Охта,7806026470,1037816004577,
Красногвардейский,"Санкт-Петербургское государственное бюджетное учреждение ""Подростково-молодежный центр ""Охта"" (ДМ Квадрат)","СПб ГБУ ""ПМЦ ""Охта""","ул. Передовиков, д.16, корп 2",Ладожская,Петрачев Игорь Викторович,498-84-27,,pmcohta@pmcohta.ru,Пороховые,7806026470,1037816004577,
Красногвардейский,"Санкт-Петербургское государственное бюджетное учреждение ""Подростково-молодежный центр ""Охта"" (ПМК Нео)","СПб ГБУ ""ПМЦ ""Охта""","пр. Энергетиков, д. 70",Ладожская,Петрачев Игорь Викторович,498-84-27,,pmcohta@pmcohta.ru,Полюстрово,7806026470,10316004577,
Красногвардейский,"Санкт-Петербургское государственное бюджетное учреждение ""Подростково-молодежный центр ""Охта"" (ЦРиПД Рейд 2.0)","СПб ГБУ ""ПМЦ ""Охта""","пр. Большеохтинский, д. 41",Площадь Ленина,Петрачев Игорь Викторович,498-84-27,,pmcohta@pmcohta.ru,Большая Охта,7806026470,10316004577,
Красногвардейский,"Санкт-Петербургское государственное бюджетное учреждение ""Подростково-молодежный центр ""Охта"" (ПМК Острова)","СПб ГБУ ""ПМЦ ""Охта""","ул. Корнея Чуковского, д. 3, корп. 1",Гражданский проспект,Петрачев Игорь Викторович,498-84-27,,pmcohta@pmcohta.ru,Полюстрово,7806026470,10316004577,
Красногвардейский,"Санкт-Петербургское государственное бюджетное учреждение ""Подростково-молодежный центр ""Охта"" центр","СПб ГБУ ""ПМЦ ""Охта""","пр. Полюстровский, д. 3",Новочеркасская,Петрачев Игорь Викторович,498-84-27,,pmcohta@pmcohta.ru,Большая Охта,7806026470,10316004577,
Петроградский,"Санкт-Петербургское государственное бюджетное учреждение ""Подростково-молодежный центр ""Петроградский""","СПб ГБУ ""ПМЦ ""Петроградский""","197198, Санкт-Петербург, Большой пр., д.18",Спортивная,Директор: Мужаровская Наталья Михайловна,8 (812) 235-56-36,8 (812) 235-56-36,Pmc-petrograd@mail.ru,"Муниципальный округ ""округ Петровский""",7813337405,1057813311324,
Пушкинский,"Санкт-Петербургское государственное бюджетное учреждение ""Районный подростковый центр ""Пушкинец""","СПб ГБУ РПЦ ""Пушкинец""","196608, Санкт-Петербург, г.Пушкин, ул. Железнодорожная, д.56",Купчино,Куров Виталий Викторович,470-15-28,470-15-28,Pushkinez2008@yandex.ru,Муниципальное образование г. Пушкин,7820007895,1027809007489,
Пушкинский,"Санкт-Петербургское государственное бюджетное учреждение ""Дом молодежи ""Царскосельский""","СПб ГБУ ""Дом Молодежи ""Царскосельский""","196607, Санкт-Петербург, г.Пушкин, ул. Магазейная, д.42, лит. А",Купчино,Краева Вероника Викторовна,465-66-15,465-66-15,Direktor@pushkindm.ru,Муниципальное образование г. Пушкин,7820321822,1107847188888,
Невский,Санкт-Петербургское государственное бюджетное учреждение «Подростково-молодёжный центр »Невский«,СПб ГБУ «ПМЦ »Невский«,"192171, Санкт-Петербург, улица Бабушкина, дом 42, корпус 1",Ломоносовская,Крылова Елена Викторовна,+7(812)4119230,+7(812)4119230,Pc_nevskiy@mail.ru,МО Ивановский,7811036480,1037825017064,
Невский,Подростково-молодёжный клуб «Атлант»,ПМК «Атлант»,"193231, Санкт-Петербург, улица Кржижановского, дом 5",Проспект Большевиков,Гордина Ирина Эдуардовна,+7(812)5845413,Нет,Pmk.atlant@mail.ru,МО Правобережный,Нет,Нет,"Кружок ""Современные танцы"", секция ""Тайский бокс"", кружок молодежного добровольчества ""Атлант"""
Невский,Подростково-молодёжный клуб «Горизонт»,ПМК «Горизонт»,"193232,Санкт-Петербург, ул.Дыбенко,25 корп.1",Дыбенко,Чередниченко Эдуард Владимирович,+7(812)586-52-09,Нет,Dancingclub@mail.ru,МО №54,Нет,Нет,
Невский,Подростково-молодежный клуб «Дружба»,ПМК «Дружба»,"193079, Санкт-Петербург, Октябрьская набережная, дом 84, корпус 5",Ломоносовская,Яковлев Алексей Викторович,+7(812)4472456,Нет,Kr321@mail.ru,МО Народный,Нет,Нет,Секция «Бокс»
Невский,Подростково-молодёжный клуб «Зоркий»,ПМК «Зоркий»,"193231, Санкт-Петербург, Товарищеский проспект, дом 20/27",Улица Дыбенко,Соловьева Татьяна Викторовна,+7(812)5807049,Нет,T.solovieva64@bk.ru,МО Оккервиль,Нет,Нет,Кл. Формир по Брейк « Open Soul»
Невский,Подростково-молодёжный клуб «Искатели»,ПМК «Искатели»,"193312, Санкт-Петербург, улица Коллонтай, дом 41",Улица Дыбенко,Кильчевская Ирина Васильевна,+7(812)4421337,Нет,Kilchevskaya@bk.ru,МО Оккервиль,Нет,Нет,"Секция настольного тенниса, клуб. Формирование по ОФП ""Эврика"""
Невский,Подростково-молодёжный клуб «Каравелла»,ПМК «Каравелла»,"192177, Санкт-Петербург, улица Караваевская, дом 31",Рыбацкое,Коржев Кирилл Борисович,+7(812)5778008,Нет,Kiboko@mail.ru,МО Рыбацкое,Нет,Нет,"Кружок ""Юный моряк"", кружок ""Морской волк"""
Невский,Подростково-молодежный клуб «Космос»,ПМК «Космос»,"193230, Санкт-Петербург, улица Дыбенко, дом 13, корпус 1",Улица Дыбенко,Борзых Юлия Андреевна,+7(812)5855198,Нет,Zrockets@mail.ru,МО №54,Нет,Нет,"Кружок «Студия уличного танца, кружок спортивного танца, студия современного танца ""Next"""
Невский,Подростково-молодёжный клуб «Кругозор»,ПМК «Кругозор»,"193230, Санкт-Петербург, Дальневосточный проспект, дом 42",Ломоносовская,Алёшин Дмитрий Владимирович,+7(812)4477774,Нет,Spryt09@mail.ru,МО №54,Нет,Нет,Секция по мини-футболу
Невский,Подростково-молодёжный клуб «Ленинградец»,ПМК «Ленинградец»,"192148, Санкт-Петербург, улица Ольминского, дом 26",Елизаровская,Пинчук Наталья Викторовна,+7(812)3650771,Нет,Idbereg@mail.ru,МО Невская застава,Нет,Нет,"Бодибилдинг, аэробика, кикбокиснг,творческая студия ""Невский сувенир"", студия акробатического рок-н-ролла ""Янис"", добровольческое объединение ""Образ Жизни"""
Невский,Подростково-молодёжный клуб «Лидер»,ПМК «Лидер»,"193312, Санкт-Петербург, улица Коллонтай, дом 32, корпус 3",Проспект Большевиков,Кривошеева Ирина Юрьевна,+7(812)5831848,Нет,Klublider@mail.ru,МО Правобережный,Нет,Нет,"Секция общей физической подготовки с элементами бокса, студия социальной адаптации ""Вектор"", секция фитнеса, секция ""Территория игры"", секция ""Игровые виды спорта"", коммуникативная культура"
Невский,Подростково-молодёжный клуб «Луч»,ПМК «Луч»,"193168, Санкт-Петербург, улица Антонова-Овсеенко, дом 11, корпус 1",Проспект Большевиков,Якуш Анна Михайловна,+7(812)5899621,Нет,Annyshka-lych@mail.ru,МО Невский округ,Нет,Нет,"Кружок ""Вокальная студия, кружок ""Студия ""Ассорти"""
Невский,Подростково-молодежный клуб «Мечта»,ПМК «Мечта»,"193315, Санкт-Петербург, улица Новосёлов, дом 53, корпус 2",Улица Дыбенко,Шелыгина Галина Геннадьевна,+7(812)4461432,Нет,Vtmpml@yandex.ru,МО Народный,Нет,Нет,"Секция шахматы, секция ""Атлетическая гимнастика"""
Невский,Подростково-молодёжный клуб «МасШтаб» (филиал),ПМК «МасШтаб»,"192171, Санкт-Петербург, улица Бабушкина, дом 42, корпус 4, литер А",Ломоносовская,Александрова Анна Олеговна,+7(812)988-45-77,Нет,Anna_events@mail.ru,МО Ивановский,Нет,Нет,"Кружок ""Школа Вожатых"", Художественная студия , Медиа-центр,студия Дизайна костюма ""Подиум"" , Вокальная студия ""Унисон"", Контент-студия"
Невский,"Подростково-молодёжный клуб ""НАШ ЭТАЖ""","ПМК ""Наш Этаж""","192171, Санкт-Петербург, ул. Бабушкина. д.42,к.1",Ломоносовская,Ершова Екатерина Игоревна,Нет,Нет,Ershova@naulograd-petergof,МО Ивановский,Нет,Нет,
Невский,Подростково-молодёжный клуб «Нева»,ПМК «Нева»,"192177, Санкт-Петербург, улица Прибрежная, дом 16",Рыбацкое,Андреева Ангелина Александровна,+7(812)7006959,Нет,Angelinaaa@mail.ru,МО Ивановский,Нет,Нет,"Секция по футболу, секция брейк-данса, кружок ""Социум"""
Невский,Подростково-молодёжный клуб «Невские орлята»,ПМК «Невские орлята»,"193315, Санкт-Петербург, проспект Большевиков, дом 57, корпус 2",Ломоносовская,Васильева Наталья Николаевна,+7(812)4461838,Нет,Vasilieva.natnik@yandex.ru,МО Народный,Нет,Нет,"Кружок ""Макияж от А до Я"", секция ""Защитник Отечества"", студия современного танца ""АртОбъект"", секция рукопашного боя, секция айкидо, кружок ""Сценическое движение"", клубное формирование по имиджу ""Ноготок"""
Невский,Подростково-молодёжный клуб «Огонек»,ПМК «Огонек»,"193231, Санкт-Петербург, улица Коллонтай, дом 21, корпус 1",Проспект Большевиков,Губина Марина Николаевна,+7(812)5888225,Нет,Ogonekpmk@mail.ru,МО Невский округ,Нет,Нет,"Секция рок-н-ролла, секция каратэ, театральная студия ""Маска"", кружок вокала, кружок парикмахерского искусства, секция ""Шашки"", психологическая студия, кружок ""Невский волонтер"", студия брейк-данса, студия ИЗО, народное пение, современные танцы"
Невский,Подростково-молодёжный клуб «Олимпиец»,ПМК «Олимпиец»,"193230, Санкт-Петербург, улица Крыленко, дом 21",Улица Дыбенко,Алимов Руслан Манафович,+7(812)5864328,Нет,Нет,МО №54,Нет,Нет,"Кружок ""Студия современного танца ""Dance family E.S.S.I"""
Невский,Подростково-молодежный клуб «Оптимист»,ПМК «Оптимист»,"193079, Санкт-Петербург, улица Народная, дом 28",Ломоносовская,Балуева Елена Владимировна,+7(812)4468067,Нет,Lena.balyeva.86@bk.ru,МО Народный,Нет,Нет,"Кружок ""Бисероплетение"""
Невский,Подростково-молодёжный клуб «Патриот»,ПМК «Патриот»,"193318, Санкт-Петербург, улица Еремеева, дом 1",Проспект Большевиков,Полянский Владимир Сергеевич,7(812)6200074,Нет,Mp-mich@mail.ru,МО Правобережный,Нет,Нет,"Добровольческий проект, Кружок изо-студия, Клубное формирование журналистика, студия игры на гитаре ""Аккорд"", Кружок ""музыкально-патриотический проект ""Дети поют"" , Клубное формирование ""Любителей кино ""Просмотр"" ."
Невский,Подростково-молодёжный клуб «Параллель»,ПМК «Параллель»,"192131, Санкт-Петербург, Красных Зорь бульвар, 5",Ломоносовская,Мартышева Евгения Михайловна,+7(812)3620728,Нет,Evgeniya-martysheva@yandex.ru,МО Ивановский,Нет,Нет,"Кружок добровольцев ""Открытое сердце"""
Невский,Подростково-молодёжный клуб «Перспектива»,ПМК «Перспектива»,"192012, Санкт-Петербург, проспект Обуховской Обороны, дом 243",Пролетарская,Сазыкин Кирилл Юрьевич,+7(812)3627314,Нет,Saz_thai@mail.ru,МО Обуховский,Нет,Нет,"Студия современного танца ""Wave style"""
Невский,"Подростково-молодёжный клуб ""Полярник""",ПМК «Полярник»,"192171, Санкт-Петербург, улица Полярников, дом 19",Ломоносовская,Ручкин Владимир Иванович,+7(812)5603219,Нет,Ruchi@yandex.ru,МО Ивановский,Нет,Нет,"Медиамастерская ""Дебют"", Фотожурналистика, Графический дизайн и инфографика, Основы операторского искусства, ""Polar Studio"" анимация, ""Экомир"", дизайн и визуальная журналистика, к.ф. ""Волонтёрское движение"", ""Основы фотографии"", Медиатехнологии, клуб.фор. ""Мысли в красках"""
Невский,Подростково-молодёжный клуб «Прожектор»,ПМК «Прожектор»,"193312, Санкт-Петербург, проспект Солидарности, дом 11, корпус 1",Проспект Большевиков,Чистяков Евгений Руфович,+7(812)5834127,Нет,Rufovic@yandex.ru,МО Оккервиль,Нет,Нет,"Секция бодибилдинга, секция общей физической подготовки, кружок хореографии, студия спортивных бальных танцев ""Элегия"", секция каратэ"
Невский,Подростково-молодёжный клуб «Ракета»,ПМК «Ракета»,"192174, Санкт-Петербург, улица Бабушкина, дом 117, корпус 2",Пролетарская,Голубев Алексей Владимирович,+7(812)3621828,Нет,Stormgym@mail.ru,+7(812)3621828,Нет,Нет,"Патриотический кружок ""Отечество"", кружок ""Территория игр"", студия ""Школа ремесел"", секция ОФП, кружок ""Игровое пространство ""Движение"", клубн.форм. ГТО"
Невский,Подростково-молодёжный клуб «Спутник»,ПМК «Спутник»,"192029, Санкт-Петербург, проспект Обуховской Обороны, дом 95, корпус 1",Ломоносовская,Шинько Юлия Сергеевна,Нет,Нет,Land-live@mail.ru,МО Невская застава,Нет,Нет,"Секция ""Фитнес-аэробика"", кружок ""Равновесие"""
Невский,Подростково-молодёжный клуб «Товарищ»,ПМК «Товарищ»,"193231, Санкт-Петербург, проспект Большевиков, дом 6, корпус 2",Проспект Большевиков,Леонтьев Виктор Васильевич,+7(812)5891223,Нет,Viktorleo-2011@mail.ru,МО Оккервиль,Нет,Нет,"Секция ""Атлетическая гимнастика"", кружок современных танцев, кружок ""Этноперкуссия"""
Невский,Подростково-молодёжный клуб «Факел»,ПМК «Факел»,"192029, Санкт-Петербург, улица Крупской, дом 31",Елизаровская,Купрова Татьяна Александровна,+7(812)5602795,Нет,Taty_kuznetsova@mail.ru,МО Невская застава,Нет,Нет,"Клубное объединение ""Юниор"", клубное формирование ""ДВОР"""
Невский,Подростково-молодёжный клуб «Чайка»,ПМК «Чайка»,"192012, Санкт-Петербург, 3-й Рабфаковский переулок, дом 4",Обухово,Беляков Дмитрий Александрович,+7(812)3676929,Нет,Dmitrybelyakoff@mail.ru,МО Обуховский,Нет,Нет,"Секция тайского бокса, студия ""Невский сувенир"", творческая студия ""Волшебная палитра"", секция самбо, кружок брейкданс, игровое пространство ""Движение"""
Невский,Подростково-молодёжный клуб «Юбилейный»,ПМК «Юбилейный»,"193230, Санкт-Петербург, Дальневосточный проспект, дом 42",Проспект Большевиков,Азина Анастасия Андреевна,+7(812)621-70-10,Нет,Azzina2016@gmail.ru,МО Правобережный,Нет,Нет,"""Изостудия ""Город мастеров"", кружок ""Студия дизайна одежды ""Articool"", кружок ""Проектная площадка"", ""Студия вокала"", ""Семейный клуб"", ""Театральная студия ""Четверг"", секция акробатического рок-н-ролла ""Янис"" студия хореографии ""Болеро"", студия игры на гитаре, секция ""Каратэ"""
Невский,Подростково-молодёжный клуб «Юность»,ПМК «Юность»,"192174, Санкт-Петербург, улица Кибальчича, дом 8, корпус 2",Пролетарская,Яковлева Людмила Ивановна,+7(812)3627073,Нет,Lusialion@yandex.ru,МО Обуховский,Нет,Нет,"Кружок игры на гитаре, студия звукозаписи, студия социальной адаптации ""Моими глазами"", кружок общения ""Диалог"", театральный кружок ""Островок"", вокальный кружок"
Центральный,"Санкт-Петербургское государственное бюджетное учреждение ""Обединение подрастково-молодежных клубов Центрального района ""Перспектива""","СПБ ГБУ ""ОМПК ""Перспектива""","Санкт-Петербург, Пушкинская ул., д. 2/79",Пл. Восстания,Груздев Владимир Александрович,575-67-36,,Pers279@yandex.ru,МО Владимирский округ,7840016721,1047839032010,
Колпинский,"Санкт-Петербургское государственное бюджетное учреждение ""Дом молодежи ""Колпинец""","СПб ГБУ ""Дом молодежи ""Колпинец""","Санкт-Петербург, г. Колпино, Заводской пр. д.10",Шушары,Директор Соболева Наталия Александровна,(812) 481-13-86,(812) 481 63 48,Dm_Kolpinets@mail/ru,Г.Колпино,7817022830,1027808750507,
Колпинский,"Санкт-Петербургское государственное бюджетное учреждение ""Ровесник""","СПб ГБУ ""Ровесник""","Санкт-Петербург, г. Колпино, ул. Танкистов, д. 28а, литер А",Шушары,Директор Константинов Александр Вячеславович,(812)469-63-50,(812)469-63-50,Spbgu_rovesnik@list.ru,Г.Колпино,7817047062,1057805703141,
Московский,"Санкт-Петербургское государственное бюджетное учреждение ""Молодежно-подростковый центр ""Московский""","СПб ГБУ ""МПЦ ""Московский""","Санкт-Петербург, Алтайская ул., д. 37",Московская,Богомазова Ирина Петровна,8(812)417-30-10,8(812)417-30-10,mpc-moskovskij@mail.ru,Звездное,7810237071,1027804904380,
Московский,"Санкт-Петербургское государственное бюджетное учреждение ""Дом молодежи ""Пулковец"" Московского района""","СПб ГБУ ""ДМ ""Пулковец""","Санкт-Петербург, 5-й Предпортовый проезд, д. 8, корпус 5",Звездная,Рывкина Анна Исаковна,8(812)413-58-20,8(812)413-58-20,pulkovec@mail.ru,Пулковский меридиан,7810331162,1027804917898,
Василеостровский,"Санкт-Петербургское государственное бюджетное учреждение ""Дом молодежи Василеостровского района Санкт-Петербурга""","СПб ГБУ ""ДМ ВО СПб""","Санкт-Петербург, Большой проспект В.О. 65, литера А.",Василеостровская; Приморская; Спортивная,Иванова Ольга Николаевна,+7(812)3214747,+7(812)3214749,dmvo@bk.ru,Муниципальное образование муниципальный округ №7,7801473435,1089847265276,"Кружки и секции по направлениям:  видео; фото; ИЗО; ДПИ; эстрадный и академический вокал; художественное слово; айкидо, тренажерный зал; эстрадный танец, модерн-балет, русский народный танец. Подробнее см. на сайте http://доммолодежи.рф/studio"
Василеостровский,"Санкт-Петербургское государственное бюджетное учреждение ""Подростково-молодежный центр Василеостровского района Санкт-Петербурга""","СПб ГБУ ""ПМЦ ВО СПб""","Санкт-Петербург, Средний проспект В.О. 65",Василеостровская; Приморская,Диневич Екатерина Юрьевна,+7(812)3210360,+7(812)3218354,pmcvo@mail.ru,Муниципальное образование муниципальный округ Васильевский,7801401342,1067847439340,Кружки и секции различной направленности
Адмиралтейский,"Санкт-Петербургское государственное бюджетное учреждение ""Центр ""Адмиралтейский"" по работе с подростками и молодежью""","СПб ГБУ ""Центр ""Адмиралтейский"" по работе с подростками и молодежью""","Санкт-Петербург, ул. Верейская, д. 22-24","Сенная площадь, Садовая, Спасская",Шипилова Светлана Андреевна,8(812)246-39-87,8(812)246-39-87,admiral_06@inbox.ru,Адмиралтейский округ,7812032055,1027810326983,
Адмиралтейский,"Санкт-Петербургское государственное бюджетное учреждение ""Дом молодежи ""Рекорд""","СПб ГБУ ""Дом молодежи ""Рекорд""","Санкт-Петербург, пр. Английский, д.38","Сенная площадь, Садовая, Спасская, Балтийская",Добровольский Александр Евгеньевич,+7(812)7142114,8(812)7142114,dm-record@mail.ru,Коломна,7809007845,1027810254812,
Красносельский,"Санкт-Петербургское государственное бюджетное учреждение ""Подростково-молодежный центр ""Лигово""","СПб ГБУ ПМЦ ""Лигово""","198329, Санкт-Петербург, улица Чекистов, дом 28",Проспект Ветеранов,Бурдюжа Елена Анатольевна,"417-35-90, 417-35-91",417-35-91,pmcligovo@gmail.com,МО Урицк,7807008339,1027804605564,"Администрация СПб ГБУ ""ПМЦ ""Лигово"""
Красносельский,"Санкт-Петербургское государственное бюджетное учреждение ""Подростково-молодежный центр ""Лигово"" («Алые паруса»)","СПб ГБУ ПМЦ ""Лигово""","198206,Санкт-Петербург, улица Пионерстроя, дом 4",Проспект Ветеранов,Бурдюжа Елена Анатольевна,"417-35-90, 744-84-21",417-35-91,pmcligovo@gmail.com; pmk_alye_parusa@mail.ru,МО Сосновая Поляна,7807008339,1027804605564,"Подростково-молодежный клуб ""Алые паруса"""
Красносельский,"Санкт-Петербургское государственное бюджетное учреждение ""Подростково-молодежный центр ""Лигово"" («Альфа»)","СПб ГБУ ПМЦ ""Лигово""","198332, Санкт-Петербург, Ленинский проспект, дом 71, корпус 1",Проспект Ветеранов,Бурдюжа Елена Анатольевна,"417-35-90, 745-77-45",417-35-91,pmcligovo@gmail.com; pmkalfa71@gmail.com,МО Южно-Приморский,7807008339,1027804605564,"Подростково-молодежный клуб ""Альфа"""
Красносельский,"Санкт-Петербургское государственное бюджетное учреждение ""Подростково-молодежный центр ""Лигово"" («Атлант»)","СПб ГБУ ПМЦ ""Лигово""","198329, Санкт-Петербург, улица Партизана Германа, дом 5",Проспект Ветеранов,Бурдюжа Елена Анатольевна,"417-35-90, 490-38-57",417-35-91,pmcligovo@gmail.com; pmk-atlant@mail.ru,МО Урицк,7807008339,1027804605564,"Подростково-молодежный клуб ""Атлант"""
Красносельский,"Санкт-Петербургское государственное бюджетное учреждение ""Подростково-молодежный центр ""Лигово"" («Берег»)","СПб ГБУ ПМЦ ""Лигово""","198332, Санкт-Петербург, улица Маршала Казакова, дом 68, корпус 1",Проспект Ветеранов,Бурдюжа Елена Анатольевна,"417-35-90, 652-15-05",417-35-91,pmcligovo@gmail.com; pmkbereg@yandex.ru,МО Южно-Приморский,7807008339,1027804605564,"Подростково-молодежный клуб ""Берег"""
Красносельский,"Санкт-Петербургское государственное бюджетное учреждение ""Подростково-молодежный центр ""Лигово"" («Буревестник»)","СПб ГБУ ПМЦ ""Лигово""","198330, Санкт-Петербург, улица Десантников, дом 34",Проспект Ветеранов,Бурдюжа Елена Анатольевна,"417-35-90, 745-19-19",417-35-91,pmcligovo@gmail.com; pmk.burevestnik@gmail.com,МО Юго-Запад,7807008339,1027804605564,"Подростково-молодежный клуб ""Буревестник"""
Красносельский,"Санкт-Петербургское государственное бюджетное учреждение ""Подростково-молодежный центр ""Лигово"" («Восход»)","СПб ГБУ ПМЦ ""Лигово""","198320, Санкт-Петербург, город Красное Село, улица Освобождения, дом 31, корпус 1",Проспект Ветеранов,Бурдюжа Елена Анатольевна,"417-35-90, 417-30-18",417-35-91,pmcligovo@gmail.com; pmkvoshod@mail.ru,МО Красное Село,7807008339,1027804605564,"Подростково-молодежный клуб ""Восход"""
Красносельский,"Санкт-Петербургское государственное бюджетное учреждение ""Подростково-молодежный центр ""Лигово"" («Дружба»)","СПб ГБУ ПМЦ ""Лигово""","198320, Санкт-Петербург, город Красное Село, проспект Ленина, дом 85",Проспект Ветеранов,Бурдюжа Елена Анатольевна,"417-35-90, 741-28-14",417-35-91,pmcligovo@gmail.com; anyuriev@mail.ru,МО Красное Село,7807008339,1027804605564,"Подростково-молодежный клуб ""Дружба"""
Красносельский,"Санкт-Петербургское государственное бюджетное учреждение ""Подростково-молодежный центр ""Лигово"" («Маяк»)","СПб ГБУ ПМЦ ""Лигово""","198330, Санкт-Петербург, улица Маршала Захарова, дом 29, корпус 2",Проспект Ветеранов,Бурдюжа Елена Анатольевна,"417-35-90, 745-72-12",417-35-91,pmcligovo@gmail.com; pmk.mayak@gmail.com,МО Юго-Запад,7807008339,1027804605564,"Подростково-молодежный клуб ""Маяк"""
Красносельский,"Санкт-Петербургское государственное бюджетное учреждение ""Подростково-молодежный центр ""Лигово"" («Олимп»)","СПб ГБУ ПМЦ ""Лигово""","198264, Санкт-Петербург, проспект Ветеранов, дом 166",Проспект Ветеранов,Бурдюжа Елена Анатольевна,"417-35-90, 744-35-00",417-35-91,pmcligovo@gmail.com; pmkolimp@gmail.com,МО Константиновское,7807008339,1027804605564,"Подростково-молодежный клуб ""Олимп"""
Красносельский,"Санкт-Петербургское государственное бюджетное учреждение ""Подростково-молодежный центр ""Лигово"" («Полёт»)","СПб ГБУ ПМЦ ""Лигово""","198328, Санкт-Петербург, улица Маршала Захарова, дом 23",Проспект Ветеранов,Бурдюжа Елена Анатольевна,"417-35-90, 417-35-91",417-35-91,pmcligovo@gmail.com; pmk_polet@mail.ru,МО Южно-Приморский,7807008339,1027804605564,"Подростково-молодежный клуб ""Полет"""
Красносельский,"Санкт-Петербургское государственное бюджетное учреждение ""Подростково-молодежный центр ""Лигово"" («Ракета»)","СПб ГБУ ПМЦ ""Лигово""","198259, Санкт-Петербург, улица Пограничника Гарькавого, дом 36, корпус 1",Проспект Ветеранов,Бурдюжа Елена Анатольевна,"417-35-90, 744-61-46",417-35-91,pmcligovo@gmail.com; pmcraketa@gmail.com,МО Константиновское,7807008339,1027804605564,"Подростково-молодежный клуб ""Ракета"""
Красносельский,"Санкт-Петербургское государственное бюджетное учреждение ""Подростково-молодежный центр ""Лигово"" («Рекорд»)","СПб ГБУ ПМЦ ""Лигово""","198329, Санкт-Петербург, проспект Героев, дом 24, корпус 2",Проспект Ветеранов,Бурдюжа Елена Анатольевна,"417-35-90, 409-82-24",417-35-91,pmcligovo@gmail.com; pmk.record@bk.ru,МО Южно-Приморский,7807008339,1027804605564,"Подростково-молодежный клуб ""Рекорд"""
Красносельский,"Санкт-Петербургское государственное бюджетное учреждение ""Подростково-молодежный центр ""Лигово"" («Ровесник»)","СПб ГБУ ПМЦ ""Лигово""","198332, Санкт-Петербург, улица Котина, дом 2, корпус 1",Проспект Ветеранов,Бурдюжа Елена Анатольевна,"417-35-90, 364-02-28",417-35-91,pmcligovo@gmail.com; pmk.rovesnik.ligovo@mail.ru,МО Юго-Запад,7807008339,1027804605564,"Подростково-молодежный клуб ""Ровесник"""
Красносельский,"Санкт-Петербургское государственное бюджетное учреждение ""Подростково-молодежный центр ""Лигово"" («Ритм»)","СПб ГБУ ПМЦ ""Лигово""","198334, Санкт-Петербург, улица Добровольцев, дом 44",Проспект Ветеранов,Бурдюжа Елена Анатольевна,"417-35-90, 735-79-08",417-35-91,pmcligovo@gmail.com; ritm.pmk@mail.ru,МО Урицк,7807008339,1027804605564,"Подростково-молодежный клуб ""Ритм"""
Красносельский,"Санкт-Петербургское государственное бюджетное учреждение ""Подростково-молодежный центр ""Лигово"" («Солнышко»)","СПб ГБУ ПМЦ ""Лигово""","198329, Санкт-Петербург, улица Партизана Германа, дом 5",Проспект Ветеранов,Бурдюжа Елена Анатольевна,"417-35-90, 417-35-91",417-35-91,pmcligovo@gmail.com; pmk-atlant@mail.ru,МО Урицк,7807008339,1027804605564,"Подростково-молодежный клуб ""Солнышко"""
Красносельский,"Санкт-Петербургское государственное бюджетное учреждение ""Подростково-молодежный центр ""Лигово"" («Умелец»)","СПб ГБУ ПМЦ ""Лигово""","198323, Санкт-Петербург, Красносельское шоссе, дом 46, корпус 4",Проспект Ветеранов,Бурдюжа Елена Анатольевна,"417-35-90, 746-25-97",417-35-91,pmcligovo@gmail.com; pmkumelets@mail.ru,МО Горелово,7807008339,1027804605564,"Подростково-молодежный клуб ""Умелец"""
Красносельский,"Санкт-Петербургское государственное бюджетное учреждение ""Подростково-молодежный центр ""Лигово"" («Факел»)","СПб ГБУ ПМЦ ""Лигово""","198259, Санкт-Петербург, улица Тамбасова, дом 32",Проспект Ветеранов,Бурдюжа Елена Анатольевна,"417-35-90, 730-38-54",417-35-91,pmcligovo@gmail.com; pmk-fakel2021@yandex.ru,МО Константиновское,7807008339,1027804605564,"Подростково-молодежный клуб ""Факел"""
Красносельский,"Санкт-Петербургское государственное бюджетное учреждение ""Подростково-молодежный центр ""Лигово"" («Юность»)","СПб ГБУ ПМЦ ""Лигово""","198329, Санкт-Петербург, улица Чекистов, дом 28",Проспект Ветеранов,Бурдюжа Елена Анатольевна,"417-35-90, 417-35-91",417-35-91,pmcligovo@gmail.com; pmcunost@gmail.com,МО Сосновая Поляна,7807008339,1027804605564,"Подростково-молодежный клуб ""Юность"""
Курортный,"Санкт-Петербургское государственное бюджетное учреждение ""Подростково-молодежный центр ""Восход"" Курортного района Санкт-Петербурга""","СПб ГБУ ""ПМЦ ""Восход""","Санкт - Петербург, г. Сестрорецк, Приморское шоссе, д.286",Черная речка,Катунин Александр Сергеевич,+7(812) 437 2355,+7(812) 434 18 80,Sportvoshod@mail.ru,МО г. Сестрорецка,7827007157,1027812403960,"Кружки и секции: дзюдо, вольная борьба, аэробика, атлетизм, футбол/хоккей, киностудия, туризм, каскадеры, танцы, пилатес, настольный теннис"
Курортный,"Санкт-Петербургское государственное бюджетное учреждение ""Подростково-молодежный центр ""Молодость"" Курортного района Санкт-Петербурга""","СПб ГБУ ""ПМЦ ""Молодость""","Санкт - Петербург, п. Песочный, ул. Карла Маркса, д. 57 а","Просвещение, Парнас",Кустов Вячеслав Геннадьевич,8999 210 31 65,596 82 27,Molodostr@yandex.ru,МО п. Песочный,7827001540,1027812402562,"Кружки и секции: атлетизм, самбо, дзюдо, боевое самбо, грэпплинг, фитнес, танцевальная студия, домашний мастер, туризм, музыка, вокал, настольный теннис, бокс, футбол, экология, краеведение"
Курортный,"Санкт - Петербургское государственное бюджетное учреждение ""Подростково - молодежный центр ""Снайпер"" Курортного района Санкт - Петербурга","СПб ГБУ ""ПМЦ ""Снайпер""","Санкт-Петербург, город Зеленогорск, Исполкомская улица, дом 5, литера А",Черная речка,Колотвина Алла Евгеньевна,8960 283 13 83,433 45 54,Pmcsniper1111@mail.ru,МО г. Зеленогорска,7827002529,1027812404400,"Кружки и секции: танцы, волонтерство, шахматы, самбо, футбол, атлетизм, пауэрлифтинг, айкидо, бокса, журналистика, творческая мастерская."
Петродворцовый,Санкт-Петербургское государственное учреждение «Подростково-молодежный центр Петродворцового района Санкт-Петербурга»,СПб ГБУ «ПМЦ Петродворцового района Санкт-Петербурга»,"Санкт-Петербург, город Петергоф, Ботаническая улица, дом 3, корпус 4, литера А",Проспект Ветеранов,Рудь Юлия Сергеевна,246 24 52,246 24 52,Centr-dosug.2016@yandex.ru,МО город Петергоф,7823002920,1037841000911,"Учреждение имеет структурные подразделения: ПМК «Бриг«, ПМК »Вымпел», ПМК «Галс«, ПМК »Меридиан», ПМК «Навигатор«, ПМК »Олимп», ПМК «Стрела«, ПМК »Тайфун», ПМК «Экватор«, ПМК »Юнта»."
Петродворцовый,Подростково-молодежный клуб «Бриг« СПБ ГБУ »ПМЦ Петродворцового района Санкт-Петербурга»,ПМК «Бриг»,"Санкт-Петербург, город Петергоф, Разводная улица, дом 29, литера А",Проспект Ветеранов,Кабыш Александра Анатольевна,246-20-88,246-20-88,Centr-dosug.2016@yandex.ru,МО город Петергоф,7823002920,1037841000911,"Кружки и секции: секция «Аскольд и Ко«, Клуб активной молодежи »Аскольд и Ко», секция «Оздоровительная гимнастика«, изостудия »Семейный альбом» и «Петродворцовая палитра,секция »Рукопашный бой«, секция «Петанк», студия »Welcome«, студия «Рукоделие» и »ТекСтильная кукла«, секция настольного тенниса."
Петродворцовый,Подростково-молодежный клуб «Вымпел« СПБ ГБУ »ПМЦ Петродворцового района Санкт-Петербурга»,ПМК «Вымпел»,"Санкт-Петербург, город Петергоф, Петергофская улица, дом 13, литера Д",Проспект Ветеранов,Упоров Евгений Юрьевич,420-58-77,420-58-77,Centr-dosug.2016@yandex.ru,МО город Петергоф,7823002920,1037841000911,"Секции: секция атлетической гимнастики, секция хоккея, секция «Юный хоккеист», секция футбола."
Петродворцовый,Подростково-молодежный клуб «Меридиан« СПБ ГБУ »ПМЦ Петродворцового района Санкт-Петербурга»,ПМК «Меридиан»,"Санкт-Петербург, город Петергоф, Чичеринская улица, дом 11, корпус 4, литера А",Проспект Ветеранов,Сафонов Александр Александрович,246-24-53,246-24-53,Centr-dosug.2016@yandex.ru,МО город Петергоф,7823002920,1037841000911,"Кружки и секции: секция атлетической гимнастики, ОФП, фитнеса, спортивных бальных танцев, секция «Армреслинг«, кружки мастерская ""Игольница"", изостудия »Вдохновение» и «Радуга«, , студия »Rudi Арт», военно-историческая группа."
Петродворцовый,Подростково-молодежный клуб «Навигатор« СПБ ГБУ »ПМЦ Петродворцового района Санкт-Петербурга»,ПМК «Навигатор»,"Санкт-Петербург, город Петергоф, Парковая улица, дом 16",Проспект Ветеранов,Ковшарь Наталья Анатольевна,8(964)360-24-34,,Centr-dosug.2016@yandex.ru,МО город Петергоф,7823002920,1037841000911,"Кружки и секции: атлетическая гимнастика, эстрадная студия, студия парикмахерского искусства , студия брейкинга, студия «Перезагрузка«, объединение »Бал культур», студия вокала, театр танца, студия «Рисуй со мной«, геостудия »Мир наизнанку», шахматный клуб, фотостудия, студия графического дизайна."
Петродворцовый,Подростково-молодежный клуб «Тайфун« СПБ ГБУ »ПМЦ Петродворцового района Санкт-Петербурга»,ПМК «Тайфун»,"Санкт-Петербург, город Петергоф, ул. Халтурина, дом 15, корпус 4, литера А",Проспект Ветеранов,Выдренко Сергей Георгиевич,246-25-51,246-25-51,Centr-dosug.2016@yandex.ru,МО город Петергоф,7823002920,1037841000911,"Кружки и секции:секция спортивных единоборств, секция «Спортивные игры«, секция самбо, секция атлетической гимнастики, секция »Йога, растяжка»."
Петродворцовый,Подростково-молодежный клуб «Экватор« СПБ ГБУ »ПМЦ Петродворцового района Санкт-Петербурга»,ПМК «Экватор»,"Санкт-Петербург, город Петергоф,улица Шахматова, дом 12, корпус 3, литера А",Проспект Ветеранов,Большакова Наталья Владимировна,409-77-13,409-77-13,Centr-dosug.2016@yandex.ru,МО город Петергоф,7823002920,1037841000911,"Кружки и секции: театральная студия, клуб настольных игр, студия моды и стиля, кружок вязания,молодежные объединения «Квартал» и »Лидер«,ансамбль бальных танцев, секция ОФП «Фигурное катание», изостудия, секция фитнеса, шахматный клуб."
Петродворцовый,Подростково-молодежный клуб «Олимп« СПБ ГБУ »ПМЦ Петродворцового района Санкт-Петербурга»,ПМК «Олимп»,"Санкт-Петербург, город Ломоносов, Александровская улица, дом 38, литера А",Проспект Ветеранов,Выдренко Алена Сергеевна,8(906)229-32-34,,Centr-dosug.2016@yandex.ru,МО город Ломоносов,7823002920,1037841000911,"Кружки и секции: секция спортивных единоборств, кикбоксинг, секция «Боевое самбо», секция бильярда, секция фитнеса."
Петродворцовый,Подростково-молодежный клуб «Юнта« СПБ ГБУ »ПМЦ Петродворцового района Санкт-Петербурга»,ПМК «Юнта»,"Санкт-Петербург, город Ломоносов, улица Победы, дом 20, корпус 2, литера А",Проспект Ветеранов,Булах Нина Михайловна,8(991)388-89-92,,Centr-dosug.2016@yandex.ru,МО город Ломоносов,7823002920,1037841000911,"Кружки и секции: студии вокала, игры на гитаре, актерского мастерства, творческий коллектив «Дружба», танцевально-спортивная группа »Молодая гвардия«, волонтерское объединение «Шаг к добру», секция »Аквалангист-спасатель«, клуб по интересам «Доверие»."
Петродворцовый,Подростково-молодежный клуб «Галс« СПБ ГБУ »ПМЦ Петродворцового района Санкт-Петербурга»,ПМК «Галс»,"Санкт-Петербург, поселок Стрельна, Санкт-Петербургское шоссе, дом 69, литера А",Проспект Ветеранов,Плисов Сергей Александрович,421-53-16,421-53-16,Centr-dosug.2016@yandex.ru,МО поселок Стрельна,7823002920,1037841000911,"Кружки и секции: морское дело, яхтенный рулевой."
Петродворцовый,Подростково-молодежный клуб «Стрела« СПБ ГБУ »ПМЦ Петродворцового района Санкт-Петербурга»,ПМК «Стрела»,"Санкт-Петербург, поселок Стрельна, Санкт-Петербургское шоссе, дом 69, литера А",Проспект Ветеранов,Ребковец Андрей Адамович,421-53-16,421-53-16,Centr-dosug.2016@yandex.ru,МО поселок Стрельна,7823002920,1037841000911,"Секции: секция тхэквондо,секция ОФП с элементам атлетической гимнастики, секция художественной гимнастики, секция художественной гимнастики (хореография)."
